source_sheet_name,source_row_number,application_term,level,decision,school,parent_qa_requires_review,parent_qa_issue_count,record_index,assistant_raw_line,assistant_subject,assistant_amount_text,assistant_amount_per_occurrence,assistant_frequency_multiplier,assistant_estimated_annual_amount,assistant_currency_signal,assistant_currency_guess,assistant_parse_method,assistant_review_flag,assistant_review_reasons
Export,4,202510,Graduate,awarded,,1,2,1,Mother Monthly 300$,Mother,300$,300.0,12,3600.0,usd,usd,line_amount_then_cadence,0,
Export,17,202610,Undergraduate,awarded,"Amjad School, Choueifat",0,0,1,Employer Yearly 3500,Employer,3500,3500.0,1,3500.0,,unknown,line_amount_then_cadence,0,
Export,19,202510,Graduate,awarded,,1,2,1,Neice monthly 900 USD,Neice,900 USD,900.0,12,10800.0,usd,usd,line_amount_then_cadence,0,
Export,44,202510,Graduate,awarded,,1,2,1,Brother Every few months 300-500$,Brother,300-500$,400.0,4,1600.0,usd,usd,line_amount_then_cadence,0,
Export,53,202610,Undergraduate,awarded,"Saint Mary's Orthodox College (SMOC), Beirut",0,0,1,Uncle Every 4 Months 300,Uncle,300,300.0,3.0,900.0,,unknown,line_amount_then_cadence,0,
Export,74,202710,Undergraduate,awarded,"Nazareth Secondary School Baddawi UNRWA, North Beddewi Camp",0,0,1,Sibling Monthly 250,Sibling,250,250.0,12,3000.0,,unknown,line_amount_then_cadence,0,
Export,74,202710,Undergraduate,awarded,"Nazareth Secondary School Baddawi UNRWA, North Beddewi Camp",0,0,2,Sibling Monthly 250,Sibling,250,250.0,12,3000.0,,unknown,line_amount_then_cadence,0,
Export,88,202610,Undergraduate,denied,College Catholique Bilingue Saint Benoit,0,0,1,Sibling Monthly 169,Sibling,169,169.0,12,2028.0,,unknown,line_amount_then_cadence,0,
Export,97,202520,Graduate,awarded,,1,2,1,Grandfather from my father's side Yearly 1000$,Grandfather from my father's side,1000$,1000.0,1,1000.0,usd,usd,line_amount_then_cadence,0,
Export,119,202610,Undergraduate,awarded,"Ali Bin Abi Taleb School, Beirut",0,0,1,Uncle Yearly 1000$(school),Uncle,1000$(school),1000.0,1,1000.0,usd,usd,line_amount_then_cadence,0,
Export,119,202610,Undergraduate,awarded,"Ali Bin Abi Taleb School, Beirut",0,0,2,Grandfather Yearly 1000$(school),Grandfather,1000$(school),1000.0,1,1000.0,usd,usd,line_amount_then_cadence,0,
Export,126,202510,Graduate,awarded,,1,2,1,Sister Monthly 200$,Sister,200$,200.0,12,2400.0,usd,usd,line_amount_then_cadence,0,
Export,134,202510,Graduate,awarded,,1,2,1,Brother Monthly (irregular) 100$,Brother,(irregular) 100$,100.0,12,1200.0,usd,usd,line_amount_then_cadence,0,
Export,135,202520,Undergraduate,awarded,,1,3,1,brother Yearly 1000,brother,1000,1000.0,1,1000.0,,unknown,line_amount_then_cadence,0,
Export,136,202610,Undergraduate,awarded,"Lycee de la Finesse, Haret Hreik",0,0,1,My uncle Monthly 600,My uncle,600,600.0,12,7200.0,,unknown,line_amount_then_cadence,0,
Export,143,202610,Undergraduate,awarded,"Beirut Evangelical School for Boys and Girls (BESBG), Antelias",0,0,1,uncle monthly $900,uncle,$900,900.0,12,10800.0,usd,usd,line_amount_then_cadence,0,
Export,146,202610,Undergraduate,denied,"Al Hidaya High School, Bchamoun",0,0,1,Father Monthly 300$ (school fees),Father,300$ (school fees),300.0,12,3600.0,usd,usd,line_amount_then_cadence,0,
Export,153,202710,Undergraduate,,"The National Evangelical Institute for Girls and Boys, Saida",1,1,1,Siblings Monthly 30,Siblings,30,30.0,12,360.0,,unknown,line_amount_then_cadence,0,
Export,156,202610,Undergraduate,awarded,"Ali Bin Abi Taleb School, Beirut",0,0,1,Aunt monthly 200$,Aunt,200$,200.0,12,2400.0,usd,usd,line_amount_then_cadence,0,
Export,156,202610,Undergraduate,awarded,"Ali Bin Abi Taleb School, Beirut",0,0,2,school yearly 450$,school,450$,450.0,1,450.0,usd,usd,line_amount_then_cadence,0,
Export,182,202710,Undergraduate,denied,SABIS International School - Adma,0,0,1,Grandfather Monthly 1500,Grandfather,1500,1500.0,12,18000.0,,unknown,line_amount_then_cadence,0,
Export,187,202610,Undergraduate,denied,"Brummana High School (BHS), Brummana",0,0,1,Aunt Monthly 2500,Aunt,2500,2500.0,12,30000.0,,unknown,line_amount_then_cadence,0,
Export,209,202611,Professional,awarded,,1,2,1,Scholarship donor Per semester 2300$ for my univeristy tuition,Scholarship donor Per,2300$ for my univeristy tuition,2300.0,2,4600.0,usd,usd,line_amount_then_cadence,0,
Export,209,202611,Professional,awarded,,1,2,2,Scholarship donor Yearly 1000$ for my brother's school tuition,Scholarship donor,1000$ for my brother's school tuition,1000.0,1,1000.0,usd,usd,line_amount_then_cadence,0,
Export,225,202610,Undergraduate,awarded,"Lycee Abdel Kader, Beirut",0,0,1,retirement salary of my father monthly 220,retirement salary of my father,220,220.0,12,2640.0,,unknown,line_amount_then_cadence,0,
Export,237,202510,Graduate,denied,,1,2,1,Scholar monthly 400,Scholar,400,400.0,12,4800.0,,unknown,line_amount_then_cadence,0,
Export,237,202510,Graduate,denied,,1,2,2,uncle monthly 300,uncle,300,300.0,12,3600.0,,unknown,line_amount_then_cadence,0,
Export,254,202610,Undergraduate,awarded,"Khaled Bin Al Walid, Beirut",0,0,1,Nephew Monthly 600,Nephew,600,600.0,12,7200.0,,unknown,line_amount_then_cadence,0,
Export,287,202610,Undergraduate,awarded,"Lady of Balamand High School, Kelhat",0,0,1,My brother monthly 250,My brother,250,250.0,12,3000.0,,unknown,line_amount_then_cadence,0,
Export,288,202510,Graduate,awarded,,1,2,1,Aunt Monthly 300,Aunt,300,300.0,12,3600.0,,unknown,line_amount_then_cadence,0,
Export,294,202610,Undergraduate,awarded,"Ecole des Filles de la Charite, Clemeceau",0,0,1,Employee Yearly between 30% - 40%,Employee,between 30% - 40%,30.0,1,30.0,,unknown,line_amount_then_cadence,0,
Export,299,202610,Undergraduate,denied,"Le Lycee National, Choueifat",1,1,1,uncle monthly 100 to 150 usd,uncle,100 to 150 usd,100.0,12,1200.0,usd,usd,line_amount_then_cadence,0,
Export,302,202710,Undergraduate,denied,"Greenfield College, Bir Hassan",0,0,1,Uncle Monthly 850,Uncle,850,850.0,12,10200.0,,unknown,line_amount_then_cadence,0,
Export,317,202610,Undergraduate,awarded,"Al Makassed Omar Bin Al Khattab College, Beirut",0,0,1,Grandfather Monthly 600,Grandfather,600,600.0,12,7200.0,,unknown,line_amount_then_cadence,0,
Export,326,202610,Undergraduate,awarded,"Hariri School III, Tareek Al Jadeeda",0,0,1,Not Related yearly $3000 for my highschool tuition fees only,Not Related,$3000 for my highschool tuition fees only,3000.0,1,3000.0,usd,usd,line_amount_then_cadence,0,
Export,344,202610,Undergraduate,awarded,"Al Jarmak Secondary School UNRWA, Saadnayel",0,0,1,N/A Each two months 275,,N/A Each two months 275,275.0,1,275.0,,unknown,line_amount_then_cadence,0,
Export,346,202610,Undergraduate,denied,"College Notre Dame de Jamhour, Baabda",0,0,1,organisation Semestre it depends,,organisation Semestre it depends,,1,,,,line_amount_then_cadence,1,amount_unparsed
Export,354,202510,Graduate,awarded,,1,2,1,Cousin Monthly 100$,Cousin,100$,100.0,12,1200.0,usd,usd,line_amount_then_cadence,0,
Export,362,202610,Undergraduate,awarded,Collège Saint Joseph Antoura,0,0,1,Father Employer company Yearly Up to 4000 USD for School per Child,Father Employer company,Up to 4000 USD for School per Child,4000.0,1,4000.0,usd,usd,line_amount_then_cadence,0,
Export,381,202710,Undergraduate,awarded,"Jesus & Mary School, Rabweh",0,0,1,Ex work of my father Monthly 216,Ex work of my father,216,216.0,12,2592.0,,unknown,line_amount_then_cadence,0,
Export,382,202610,Undergraduate,awarded,Rawdah High School,0,0,1,Uncle monthly 500$,Uncle,500$,500.0,12,6000.0,usd,usd,line_amount_then_cadence,0,
Export,387,202510,Graduate,awarded,,1,2,1,Uncle Monthly 400,Uncle,400,400.0,12,4800.0,,unknown,line_amount_then_cadence,0,
Export,394,202510,Graduate,awarded,,1,2,1,Brother Monthly 300,Brother,300,300.0,12,3600.0,,unknown,line_amount_then_cadence,0,
Export,394,202510,Graduate,awarded,,1,2,2,Brother Monthly 300,Brother,300,300.0,12,3600.0,,unknown,line_amount_then_cadence,0,
Export,395,202610,Undergraduate,awarded,"Le Lycee National, Choueifat",0,0,1,Grand Uncle Monthly 300,Grand Uncle,300,300.0,12,3600.0,,unknown,line_amount_then_cadence,0,
Export,403,202610,Undergraduate,denied,"College Mariste Champville, Antelias",0,0,1,aunt yearly 2500$,aunt,2500$,2500.0,1,2500.0,usd,usd,line_amount_then_cadence,0,
Export,406,202610,Undergraduate,denied,"College Notre Dames des Apotres, Kab Elias",0,0,1,جهة ضامنة Yearly About 3500,جهة ضامنة About,3500,3500.0,1,3500.0,,unknown,line_amount_then_cadence,0,
Export,421,202510,Graduate,awarded,,1,2,1,Mother Yearly 1500,Mother,1500,1500.0,1,1500.0,,unknown,line_amount_then_cadence,0,
Export,421,202510,Graduate,awarded,,1,2,2,Father Yearly 1500,Father,1500,1500.0,1,1500.0,,unknown,line_amount_then_cadence,0,
Export,423,202610,Undergraduate,awarded,"The National Evangelical School Kab Elias, Kab Elias",0,0,1,Uncle Monthly 22000,Uncle,22000,22000.0,12,264000.0,,unknown,line_amount_then_cadence,0,
Export,434,202510,Graduate,awarded,,1,2,1,daughter monthly 1500$,daughter,1500$,1500.0,12,18000.0,usd,usd,line_amount_then_cadence,0,
Export,437,202510,Graduate,awarded,,1,2,1,Uncle Monthly 50$,Uncle,50$,50.0,12,600.0,usd,usd,line_amount_then_cadence,0,
Export,440,202520,Undergraduate,awarded,"Islah Islamic High School, Tripoli",0,0,1,Father Yearly 5500,Father,5500,5500.0,1,5500.0,,unknown,line_amount_then_cadence,0,
Export,440,202520,Undergraduate,awarded,"Islah Islamic High School, Tripoli",0,0,2,Mother Monthly 233,Mother,233,233.0,12,2796.0,,unknown,line_amount_then_cadence,0,
Export,450,202710,Undergraduate,awarded,"Grand Lycee Franco Libanais, Achrafieh",0,0,1,"none Once the school's tuition is due, it is paid directly to the school 8000",,"none Once the school's tuition is due, it is paid directly to the school 8000",8000.0,1,8000.0,,unknown,line_amount_then_cadence,0,
Export,459,202610,Undergraduate,awarded,"Ecole Saint Maroun Soeurs Maronites de La Sainte Famille, Tripoli",0,0,1,Uncle Monthly 1000,Uncle,1000,1000.0,12,12000.0,,unknown,line_amount_then_cadence,0,
Export,469,202710,Undergraduate,denied,"Lycee Hanaway, Tyre",0,0,1,Grandfather Yearly 7000,Grandfather,7000,7000.0,1,7000.0,,unknown,line_amount_then_cadence,0,
Export,480,202710,Undergraduate,awarded,"Beirut Babptist School (BBS), Mouseitbeh",0,0,1,grandmother yearly 3000,grandmother,3000,3000.0,1,3000.0,,unknown,line_amount_then_cadence,0,
Export,490,202610,Undergraduate,denied,"Ecole des Soeurs De Saint Joseph de L'apparition, Beirut",0,0,1,Dad's sister - My aunt Monthly 200,Dad's sister - My aunt,200,200.0,12,2400.0,,unknown,line_amount_then_cadence,0,
Export,495,202510,Graduate,awarded,,1,2,1,beneficary monthly 100,beneficary,100,100.0,12,1200.0,,unknown,line_amount_then_cadence,0,
Export,498,202610,Undergraduate,awarded,"College des Soeurs des Saint Coeur (SSCC), Bikfaya",0,0,1,Scholarship Donor Yearly 1000$ for my school tuition,Scholarship Donor,1000$ for my school tuition,1000.0,1,1000.0,usd,usd,line_amount_then_cadence,0,
Export,498,202610,Undergraduate,awarded,"College des Soeurs des Saint Coeur (SSCC), Bikfaya",0,0,2,Scholarship Donor Per Semester 2300$ for my sister's university tuition,Scholarship Donor Per,2300$ for my sister's university tuition,2300.0,2,4600.0,usd,usd,line_amount_then_cadence,0,
Export,505,202510,Graduate,denied,,1,2,1,Father bimonthly 500,,Father bimonthly 500,500.0,12,6000.0,,unknown,line_amount_then_cadence,0,
Export,505,202510,Graduate,denied,,1,2,2,Mother bimonthly 200,,Mother bimonthly 200,200.0,12,2400.0,,unknown,line_amount_then_cadence,0,
Export,505,202510,Graduate,denied,,1,2,3,Grandmother bimonthly 400,,Grandmother bimonthly 400,400.0,12,4800.0,,unknown,line_amount_then_cadence,0,
Export,509,202710,Undergraduate,awarded,"College Protestant Francais (CPF), Koraytem Beirut",1,1,1,My school Per year 2100,,My school Per year 2100,2100.0,1,2100.0,,unknown,line_amount_then_cadence,0,
Export,529,202510,Undergraduate,awarded,,1,3,1,I'm his nephew Monthly 1000$,I'm his nephew,1000$,1000.0,12,12000.0,usd,usd,line_amount_then_cadence,0,
Export,541,202610,Undergraduate,awarded,"Bissan Secondary School UNRWA, Saida",0,0,1,orginization every 3-4 months 300$,,orginization every 3-4 months 300$,3.5,1,3.5,usd,usd,line_amount_then_cadence,0,
Export,551,202520,Undergraduate,denied,Rawdah High School,1,1,1,"The applicant's grandfather (from mother's side) Yearly 5,000$",The applicant's grandfather (from mother's side),"5,000$",5000.0,1,5000.0,usd,usd,line_amount_then_cadence,0,
Export,556,202710,Undergraduate,awarded,"College De La Sainte Famille Fanar, Fanar",1,1,1,Nephew Monthly 400,Nephew,400,400.0,12,4800.0,,unknown,line_amount_then_cadence,0,
Export,567,202610,Undergraduate,awarded,"The National Evangelical Institute for Girls and Boys, Saida",0,0,1,Brother Monthly 600,Brother,600,600.0,12,7200.0,,unknown,line_amount_then_cadence,0,
Export,569,202610,Undergraduate,awarded,"Besanson St.Anne, Beirut",0,0,1,Uncle Monthly 500,Uncle,500,500.0,12,6000.0,,unknown,line_amount_then_cadence,0,
Export,582,202610,Undergraduate,awarded,"College Notre Dame de Nazareth (NDN), Achrafieh",0,0,1,Grandparent monthly 3000,Grandparent,3000,3000.0,12,36000.0,,unknown,line_amount_then_cadence,0,
Export,585,202610,Undergraduate,awarded,"Brummana High School (BHS), Brummana",0,0,1,Father Monthly 1500 $,Father,1500 $,1500.0,12,18000.0,usd,usd,line_amount_then_cadence,0,
Export,585,202610,Undergraduate,awarded,"Brummana High School (BHS), Brummana",0,0,2,Aunt Yearly 5000 $,Aunt,5000 $,5000.0,1,5000.0,usd,usd,line_amount_then_cadence,0,
Export,599,202520,Graduate,awarded,,1,2,1,Dimas' Maternal Grandfather Monthly 400$,Dimas' Maternal Grandfather,400$,400.0,12,4800.0,usd,usd,line_amount_then_cadence,0,
Export,610,202610,Undergraduate,awarded,Al-Hayat International School,0,0,1,SIster monthly 200,SIster,200,200.0,12,2400.0,,unknown,line_amount_then_cadence,0,
Export,627,202610,Undergraduate,awarded,"College Notre Dame de Louaize (NDL), Zouk Mosbeh",0,0,1,nephew monthly 500$,nephew,500$,500.0,12,6000.0,usd,usd,line_amount_then_cadence,0,
Export,634,202710,Undergraduate,denied,"Greenfield College, Bir Hassan",0,0,1,منحة مدرسية yearly 10300,منحة مدرسية,10300,10300.0,1,10300.0,,unknown,line_amount_then_cadence,0,
Export,634,202710,Undergraduate,denied,"Greenfield College, Bir Hassan",0,0,2,work yearly 2400,work,2400,2400.0,1,2400.0,,unknown,line_amount_then_cadence,0,
Export,641,202510,Undergraduate,awarded,Antonine Sisters School - Mar Elias Ghazir,1,2,1,"church in kfarahbab some times (during christmas , easter..) around 5,000,000 L.L. + food","church in kfarahbab some times (during christmas , easter..) around L.L. + food","church in kfarahbab some times (during christmas , easter..) 5,000,000 L.L. + food",5000000.0,1,5000000.0,lbp,lbp,line_amount_then_cadence,0,
Export,641,202510,Undergraduate,awarded,Antonine Sisters School - Mar Elias Ghazir,1,2,2,neighbor / friends per 2 month 100$,,,,1,,usd,usd,line_amount_then_cadence,1,multiple_amount_candidates; amount_unparsed
Export,641,202510,Undergraduate,awarded,Antonine Sisters School - Mar Elias Ghazir,1,2,3,organization no payements but through essentials like food food,,organization no payements but through essentials like food food,,1,,,,line_amount_then_cadence,1,amount_unparsed
Export,646,202520,Undergraduate,awarded,"International School Al Koura, Al Koura",0,0,1,brother monthly 200$,brother,200$,200.0,12,2400.0,usd,usd,line_amount_then_cadence,0,
Export,646,202520,Undergraduate,awarded,"International School Al Koura, Al Koura",0,0,2,brother monthly 200$,brother,200$,200.0,12,2400.0,usd,usd,line_amount_then_cadence,0,
Export,655,202510,Graduate,awarded,,1,2,1,Employer Monthly 52.036,Employer,52.036,52.036,12,624.432,,unknown,line_amount_then_cadence,0,
Export,656,202610,Undergraduate,denied,UWC Dilijan College,0,0,1,Niece Yearly USD 6000,Niece,USD 6000,6000.0,1,6000.0,usd,usd,line_amount_then_cadence,0,
Export,656,202610,Undergraduate,denied,UWC Dilijan College,0,0,2,Niece Yearly USD 1400,Niece,USD 1400,1400.0,1,1400.0,usd,usd,line_amount_then_cadence,0,
Export,656,202610,Undergraduate,denied,UWC Dilijan College,0,0,3,Niece Yearly USD 1600,Niece,USD 1600,1600.0,1,1600.0,usd,usd,line_amount_then_cadence,0,
Export,659,202710,Undergraduate,awarded,"Brummana High School (BHS), Brummana",0,0,1,Uncle Monthly 300,Uncle,300,300.0,12,3600.0,,unknown,line_amount_then_cadence,0,
Export,659,202710,Undergraduate,awarded,"Brummana High School (BHS), Brummana",0,0,2,Auny Monthly 750,Auny,750,750.0,12,9000.0,,unknown,line_amount_then_cadence,0,
Export,688,202610,Undergraduate,awarded,"International College (IC), Beirut",0,0,1,Organization Yearly 2200,Organization,2200,2200.0,1,2200.0,,unknown,line_amount_then_cadence,0,
Export,701,202610,Undergraduate,awarded,"Zahrat Al Ihsan School, Achrafieh",0,0,1,Uncle ( brother of mother ) Yearly-he helps my older sister still studying 6000,Uncle ( brother of mother ),he helps my older sister still studying 6000,6000.0,1,6000.0,,unknown,line_amount_then_cadence,0,
Export,707,202610,Undergraduate,denied,"Hariri High School II, Beirut",0,0,1,Grandmother monthly 600,Grandmother,600,600.0,12,7200.0,,unknown,line_amount_then_cadence,0,
Export,715,202610,Undergraduate,,"Sagesse High School, Ain Saade",1,1,1,"Sons Monthly $1,000",Sons,"$1,000",1000.0,12,12000.0,usd,usd,line_amount_then_cadence,0,
Export,717,202710,Undergraduate,awarded,"Christian Teaching Institute (CTI), Sin El Fil Maten",0,0,1,Father's work Pays school fees on a yearly basis 8124,Father's work Pays school fees on a,basis 8124,8124.0,1,8124.0,,unknown,line_amount_then_cadence,0,
Export,723,202610,Undergraduate,awarded,"College De La Saint Famille Fanar, Fanar",0,0,1,Uncle Yearly 8000,Uncle,8000,8000.0,1,8000.0,,unknown,line_amount_then_cadence,0,
Export,727,202610,Undergraduate,denied,SABIS International School - Adma,0,0,1,Cousin monthly 2000,Cousin,2000,2000.0,12,24000.0,,unknown,line_amount_then_cadence,0,
Export,736,202610,Undergraduate,denied,"Le College Mariste Notre Dame de Lourdes, Amchit",0,0,1,من خلال وظيفة والدتي yearly 6000$ (for 5 siblings in school 2023-2024),من خلال وظيفة والدتي,6000$ (for 5 siblings in school 2023-2024),2023.5,1,2023.5,usd,usd,line_amount_then_cadence,0,
Export,743,202611,Professional,denied,,1,2,1,University Yearly 1200,University,1200,1200.0,1,1200.0,,unknown,line_amount_then_cadence,0,
Export,748,202610,Undergraduate,awarded,"Tahwita Modern School (TMS), Tahouitet El Ghadir",1,1,1,uncle Monthly 200$,uncle,200$,200.0,12,2400.0,usd,usd,line_amount_then_cadence,0,
Export,750,202510,Graduate,awarded,,1,2,1,Brother Monthly 400$,Brother,400$,400.0,12,4800.0,usd,usd,line_amount_then_cadence,0,
Export,753,202610,Undergraduate,awarded,"College Des Saints Coeur Kfarhbab, Kfarhbab Keserwan",0,0,1,"family Yearly +/-6,000",family +/,"6,000",6000.0,1,6000.0,,unknown,line_amount_then_cadence,0,
Export,753,202610,Undergraduate,awarded,"College Des Saints Coeur Kfarhbab, Kfarhbab Keserwan",0,0,2,"my father yearly +/-10,000",my father +/,"10,000",10000.0,1,10000.0,,unknown,line_amount_then_cadence,0,
Export,755,202610,Undergraduate,usaid,"Bissan Secondary School UNRWA, Saida",0,0,1,his son monthly 300$,his son,300$,300.0,12,3600.0,usd,usd,line_amount_then_cadence,0,
Export,758,202710,Undergraduate,denied,"College Protestant Francais (CPF), Koraytem Beirut",0,0,1,aunt when in need 1000,,aunt when in need 1000,1000.0,1,1000.0,,unknown,line_amount_then_cadence,0,
Export,762,202510,Graduate,awarded,,1,2,1,Father Yearly 1000,Father,1000,1000.0,1,1000.0,,unknown,line_amount_then_cadence,0,
Export,767,202710,Undergraduate,denied,"Antonine International School (AIS), Ajaltoun",0,0,1,friend In Winters 20000,,friend In Winters 20000,20000.0,1,20000.0,,unknown,line_amount_then_cadence,0,
Export,767,202710,Undergraduate,denied,"Antonine International School (AIS), Ajaltoun",0,0,2,Friend In Winters 15000,,Friend In Winters 15000,15000.0,1,15000.0,,unknown,line_amount_then_cadence,0,
Export,767,202710,Undergraduate,denied,"Antonine International School (AIS), Ajaltoun",0,0,3,Friend In Winters 15000,,Friend In Winters 15000,15000.0,1,15000.0,,unknown,line_amount_then_cadence,0,
Export,773,202610,Undergraduate,awarded,"Lycee Des Arts, Hadath",0,0,1,Employer yearly 5000,Employer,5000,5000.0,1,5000.0,,unknown,line_amount_then_cadence,0,
Export,782,202710,Undergraduate,awarded,"Ahliah School, Wadi Abou Jamil",0,0,1,none every 2 months 100,none,100,100.0,6.0,600.0,,unknown,line_amount_then_cadence,0,
Export,787,202610,Undergraduate,awarded,"Official Secondary School Baissour, Baissour",0,0,1,Paternal Uncle Monthly 300$,Paternal Uncle,300$,300.0,12,3600.0,usd,usd,line_amount_then_cadence,0,
Export,787,202610,Undergraduate,awarded,"Official Secondary School Baissour, Baissour",0,0,2,Paternal Uncle Seldom Depending on necessity,,Paternal Uncle Seldom Depending on necessity,,1,,,,line_amount_then_cadence,1,amount_unparsed
Export,788,202610,Undergraduate,awarded,"Makassed Islamic High School - Saida, Saida",0,0,1,sister yearly 2000,sister,2000,2000.0,1,2000.0,,unknown,line_amount_then_cadence,0,
Export,796,202710,Undergraduate,awarded,"Ahliah School, Wadi Abou Jamil",0,0,1,Brother Monthly 250,Brother,250,250.0,12,3000.0,,unknown,line_amount_then_cadence,0,
Export,796,202710,Undergraduate,awarded,"Ahliah School, Wadi Abou Jamil",0,0,2,Father in Law Monthly 150,Father in Law,150,150.0,12,1800.0,,unknown,line_amount_then_cadence,0,
Export,802,202510,Graduate,awarded,,1,3,1,This organization owns the school that my father work for yearly around 200$,This organization owns the school that my father work for around,200$,200.0,1,200.0,usd,usd,line_amount_then_cadence,0,
Export,804,202610,Undergraduate,denied,"Islamic Culture School, Tarik El Jadidah",0,0,1,My stepfather Between every month and half a month 1150,,My stepfather Between every month and half a month 1150,1150.0,1,1150.0,,unknown,line_amount_then_cadence,0,
Export,816,202610,Undergraduate,denied,"Wellspring Learning Community School, Ain El Remmaneh",0,0,1,Grandfather Monthly 1500,Grandfather,1500,1500.0,12,18000.0,,unknown,line_amount_then_cadence,0,
Export,816,202610,Undergraduate,denied,"Wellspring Learning Community School, Ain El Remmaneh",0,0,2,Uncle Monthly 1000,Uncle,1000,1000.0,12,12000.0,,unknown,line_amount_then_cadence,0,
Export,816,202610,Undergraduate,denied,"Wellspring Learning Community School, Ain El Remmaneh",0,0,3,Uncle Monthly 1000,Uncle,1000,1000.0,12,12000.0,,unknown,line_amount_then_cadence,0,
Export,828,202510,Graduate,awarded,,1,2,1,Sister Monthly $1000,Sister,$1000,1000.0,12,12000.0,usd,usd,line_amount_then_cadence,0,
Export,834,202711,Professional,awarded,,1,2,1,grandmother yearly 3000,grandmother,3000,3000.0,1,3000.0,,unknown,line_amount_then_cadence,0,
Export,846,202711,Professional,denied,,1,3,1,Donor Scholarship 1 per semester 25,Donor Scholarship per,,,2,,,,line_amount_then_cadence,1,ambiguous_amount_location; amount_unparsed
Export,859,202610,Undergraduate,denied,"Lycée Franco Libanais, Verdun",0,0,1,grand father maternal Monthly 1475,grand father maternal,1475,1475.0,12,17700.0,,unknown,line_amount_then_cadence,0,
Export,861,202710,Undergraduate,awarded,"Le Lycee National, Choueifat",0,0,1,Grand daughter Monthly 1000,Grand daughter,1000,1000.0,12,12000.0,,unknown,line_amount_then_cadence,0,
Export,864,202610,Undergraduate,denied,"Ecole Religieuses de Nazareth, Kfarzeina",0,0,1,niece monthly 3000$,niece,3000$,3000.0,12,36000.0,usd,usd,line_amount_then_cadence,0,
Export,868,202710,Undergraduate,awarded,"Houssameddine Hariri High School, Saida",1,1,1,sister monthly 300,sister,300,300.0,12,3600.0,,unknown,line_amount_then_cadence,0,
Export,868,202710,Undergraduate,awarded,"Houssameddine Hariri High School, Saida",1,1,2,friend monthly 400,friend,400,400.0,12,4800.0,,unknown,line_amount_then_cadence,0,
Export,878,202610,Undergraduate,denied,"College Notre Dame de Jamhour, Baabda",0,0,1,My mother is an employee at the Bank Yearly 2250,My mother is an employee at the Bank,2250,2250.0,1,2250.0,,unknown,line_amount_then_cadence,0,
Export,894,202610,Undergraduate,denied,"Brummana High School (BHS), Brummana",0,0,1,Student at Broummana High School One time payment - Directly to Broumana High School USD $9518.00,,Student at Broummana High School One time payment - Directly to Broumana High School USD $9518.00,9518.0,1,9518.0,usd,usd,line_amount_then_cadence,0,
Export,895,202610,Undergraduate,awarded,The International School of Choueifat - Choueifat,0,0,1,My aunt Monthly 100$,My aunt,100$,100.0,12,1200.0,usd,usd,line_amount_then_cadence,0,
Export,900,202710,Undergraduate,,"International College (IC), Beirut",1,1,1,Grandmother Upon request 1000,,Grandmother Upon request 1000,1000.0,1,1000.0,,unknown,line_amount_then_cadence,0,
Export,924,202510,Graduate,denied,,1,2,1,Sister Monthly 150$,Sister,150$,150.0,12,1800.0,usd,usd,line_amount_then_cadence,0,
Export,929,202710,Undergraduate,,"Al Mustapha High School, Haret Hreik",1,1,1,Brother monthly 2000,Brother,2000,2000.0,12,24000.0,,unknown,line_amount_then_cadence,0,
Export,945,202510,Graduate,awarded,,1,2,1,Employee Yearly 1100$,Employee,1100$,1100.0,1,1100.0,usd,usd,line_amount_then_cadence,0,
Export,971,202610,Undergraduate,awarded,"The Martyr Hasan Kassir Secondary School, Bir Hassan",0,0,1,Aunt Monthly 300,Aunt,300,300.0,12,3600.0,,unknown,line_amount_then_cadence,0,
Export,983,202710,Undergraduate,awarded,"Ecole Saint Rita, Dbayeh",0,0,1,Nephew Yearly 1000,Nephew,1000,1000.0,1,1000.0,,unknown,line_amount_then_cadence,0,
Export,1012,202610,Undergraduate,awarded,"Christian Teaching Institute (CTI), Sin El Fil Maten",0,0,1,Cousin yearly 2000,Cousin,2000,2000.0,1,2000.0,,unknown,line_amount_then_cadence,0,
Export,1012,202610,Undergraduate,awarded,"Christian Teaching Institute (CTI), Sin El Fil Maten",0,0,2,Cousin yearly 3000,Cousin,3000,3000.0,1,3000.0,,unknown,line_amount_then_cadence,0,
Export,1036,202611,Professional,awarded,,1,2,1,Foundation Yearly 2 000,Foundation,2 000,2.0,1,2.0,,unknown,line_amount_then_cadence,0,
Export,1037,202711,Professional,denied,,1,2,1,mother's employer monthly 900,mother's employer,900,900.0,12,10800.0,,unknown,line_amount_then_cadence,0,
Export,1044,202610,Undergraduate,denied,"College Notre Dame de Jamhour, Baabda",0,0,1,University of my sister Nay yearly 35% scholaship,University of my sister Nay,35% scholaship,35.0,1,35.0,,unknown,line_amount_then_cadence,0,
Export,1054,202710,Undergraduate,denied,"Sagesse High School, Ain Saade",0,0,1,Uncle (brother of Tania Chahine) Yearly 8000,Uncle (brother of Tania Chahine),8000,8000.0,1,8000.0,,unknown,line_amount_then_cadence,0,
Export,1056,202610,Undergraduate,awarded,"Shouf National College, Chouf",0,0,1,Uncle Monthly 300$,Uncle,300$,300.0,12,3600.0,usd,usd,line_amount_then_cadence,0,
Export,1061,202610,Undergraduate,awarded,"Lycee National Schools Bekaata, Bakaata",0,0,1,Father-son weekly 50$,Father-son,50$,50.0,52,2600.0,usd,usd,line_amount_then_cadence,0,
Export,1064,202711,Undergraduate,awarded,,1,3,1,Uncle monthly 1500,Uncle,1500,1500.0,12,18000.0,,unknown,line_amount_then_cadence,0,
Export,1076,202710,Undergraduate,awarded,"Al Najah School Bayssour, Baissour",0,0,1,Aunt yearly 5000,Aunt,5000,5000.0,1,5000.0,,unknown,line_amount_then_cadence,0,
Export,1076,202710,Undergraduate,awarded,"Al Najah School Bayssour, Baissour",0,0,2,Uncle Yearly 6000,Uncle,6000,6000.0,1,6000.0,,unknown,line_amount_then_cadence,0,
Export,1078,202610,Undergraduate,denied,"Marj School, Baakline",0,0,1,sister monthly 400 $,sister,400 $,400.0,12,4800.0,usd,usd,line_amount_then_cadence,0,
Export,1105,202510,Graduate,awarded,,1,2,1,"Maternal Uncle Monthly $1000, in addition helps in paying tuitions for my brother and I.",Maternal Uncle,"$1000, in addition helps in paying tuitions for my brother and I.",1000.0,12,12000.0,usd,usd,line_amount_then_cadence,0,
Export,1105,202510,Graduate,awarded,,1,2,2,Brother Monthly $300,Brother,$300,300.0,12,3600.0,usd,usd,line_amount_then_cadence,0,
Export,1109,202610,Undergraduate,,"Ecole Secondaire des Filles de la Charite, Achrafieh",1,1,1,Mother monthly 100,Mother,100,100.0,12,1200.0,,unknown,line_amount_then_cadence,0,
Export,1110,202610,Undergraduate,awarded,"Collège Notre Dame des Soeurs Salvatoriennes(MSA), Abra",0,0,1,لا توجد Monthly 125,لا توجد,125,125.0,12,1500.0,,unknown,line_amount_then_cadence,0,
Export,1121,202610,Undergraduate,awarded,"Der Yassin Coeducational Secondary School UNRWA, Tyre",0,0,1,"Sister she is USAID student that get every month 400$,she use 200$ on her food, clothes and books and give us 200$ Monthly 200$","Sister she is USAID student that get every month $,she use on her food, clothes and books and give us $ $",,,12,,usd,usd,line_amount_then_cadence,1,ambiguous_amount_location; amount_unparsed
Export,1121,202610,Undergraduate,awarded,"Der Yassin Coeducational Secondary School UNRWA, Tyre",0,0,2,NA Monthly 185$,NA,185$,185.0,12,2220.0,usd,usd,line_amount_then_cadence,0,
Export,1136,202710,Undergraduate,denied,"College Saint Joseph Des Soeurs Antonines, Ksara",0,0,1,employee (colonel) yearly 5000,employee (colonel),5000,5000.0,1,5000.0,,unknown,line_amount_then_cadence,0,
Export,1156,202610,Undergraduate,awarded,The International School of Choueifat - Choueifat,0,0,1,Uncle Monthly 2000,Uncle,2000,2000.0,12,24000.0,,unknown,line_amount_then_cadence,0,
Export,1162,202520,Undergraduate,awarded,,1,3,1,officer yearly 3000,officer,3000,3000.0,1,3000.0,,unknown,line_amount_then_cadence,0,
Export,1170,202610,Undergraduate,awarded,"Antonine International School, Dekwaneh",0,0,1,Father in the Armed Forces - Payments for School Yearly 4890$,Father in the Armed Forces - Payments for School,4890$,4890.0,1,4890.0,usd,usd,line_amount_then_cadence,0,
Export,1171,202611,Professional,awarded,,1,2,1,Brother monthly 1500,Brother,1500,1500.0,12,18000.0,,unknown,line_amount_then_cadence,0,
Export,1172,202610,Undergraduate,awarded,"Al Iman School, Raml Al Zarif Beirut",0,0,1,Older Brother Monthly 400,Older Brother,400,400.0,12,4800.0,,unknown,line_amount_then_cadence,0,
Export,1182,202610,Undergraduate,awarded,"Adventist School Mouseitbeh (ASM), Mouseitbeh",0,0,1,Father's Brother Every 3 months 800,Father's Brother,800,800.0,4.0,3200.0,,unknown,line_amount_then_cadence,0,
Export,1197,202510,Undergraduate,awarded,"Ahliah School, Wadi Abou Jamil",0,0,1,"Brother Monthly $1,170",Brother,"$1,170",1170.0,12,14040.0,usd,usd,line_amount_then_cadence,0,
Export,1197,202510,Undergraduate,awarded,"Ahliah School, Wadi Abou Jamil",0,0,2,Aunt Monthly $170,Aunt,$170,170.0,12,2040.0,usd,usd,line_amount_then_cadence,0,
Export,1197,202510,Undergraduate,awarded,"Ahliah School, Wadi Abou Jamil",0,0,3,Grandmother Monthly $700,Grandmother,$700,700.0,12,8400.0,usd,usd,line_amount_then_cadence,0,
Export,1209,202510,Graduate,awarded,,1,2,1,"Grandfather As required to pay for affordable university/school tuition, bills and monthly expenses Around USD 30,000","Grandfather As required to pay for affordable university/school tuition, bills and expenses Around USD","expenses USD 30,000",30000.0,12,360000.0,usd,usd,line_amount_then_cadence,0,
Export,1210,202510,Graduate,denied,,1,2,1,grandfather monthly 500$,grandfather,500$,500.0,12,6000.0,usd,usd,line_amount_then_cadence,0,
Export,1251,202510,Graduate,awarded,,1,2,1,Brother Brother 100$,,Brother Brother 100$,100.0,1,100.0,usd,usd,line_amount_then_cadence,0,
Export,1254,202610,Undergraduate,awarded,"Rafic Hariri High School (RHHS), Saida",0,0,1,uncle irregular upon demand and expenses 10000$,,uncle irregular upon demand and expenses 10000$,10000.0,1,10000.0,usd,usd,line_amount_then_cadence,0,
Export,1254,202610,Undergraduate,awarded,"Rafic Hariri High School (RHHS), Saida",0,0,2,aunt irregular upon demand and expenses 5000$,,aunt irregular upon demand and expenses 5000$,5000.0,1,5000.0,usd,usd,line_amount_then_cadence,0,
Export,1254,202610,Undergraduate,awarded,"Rafic Hariri High School (RHHS), Saida",0,0,3,aunt's husband irregular upon demand and expenses 3000$,,aunt's husband irregular upon demand and expenses 3000$,3000.0,1,3000.0,usd,usd,line_amount_then_cadence,0,
Export,1263,202610,Undergraduate,awarded,"Brummana High School (BHS), Brummana",0,0,1,cousin monthly 300$,cousin,300$,300.0,12,3600.0,usd,usd,line_amount_then_cadence,0,
Export,1263,202610,Undergraduate,awarded,"Brummana High School (BHS), Brummana",0,0,2,uncle monthly 200$,uncle,200$,200.0,12,2400.0,usd,usd,line_amount_then_cadence,0,
Export,1276,202610,Undergraduate,awarded,The International School of Choueifat - Koura,0,0,1,Grandfather Monthly 500$,Grandfather,500$,500.0,12,6000.0,usd,usd,line_amount_then_cadence,0,
Export,1276,202610,Undergraduate,awarded,The International School of Choueifat - Koura,0,0,2,"Paternal Uncle Monthly (household bills, car insurance, medical insurance, Heating fuel,...) around 400$","Paternal Uncle (household bills, car insurance, medical insurance, Heating fuel,...) around $","(household bills, car insurance, medical insurance, Heating fuel,...) 400$",400.0,12,4800.0,usd,usd,line_amount_then_cadence,0,
Export,1305,202510,Undergraduate,awarded,"LWIS City International School DT Beirut, Beirut",0,0,1,Sister Monthly 300,Sister,300,300.0,12,3600.0,,unknown,line_amount_then_cadence,0,
Export,1305,202510,Undergraduate,awarded,"LWIS City International School DT Beirut, Beirut",0,0,2,Sister Monthly 300,Sister,300,300.0,12,3600.0,,unknown,line_amount_then_cadence,0,
Export,1305,202510,Undergraduate,awarded,"LWIS City International School DT Beirut, Beirut",0,0,3,Sister Monthly 300,Sister,300,300.0,12,3600.0,,unknown,line_amount_then_cadence,0,
Export,1307,202610,Undergraduate,awarded,"Al Hidaya High School, Bchamoun",0,0,1,organization Once per 6 months 100,,,,1,,,,line_amount_then_cadence,1,multiple_amount_candidates; amount_unparsed
Export,1317,202711,Professional,denied,,1,2,1,Niece Every Semester 2500,Niece Every,2500,2500.0,2,5000.0,,unknown,line_amount_then_cadence,0,
Export,1319,202710,Undergraduate,denied,"Rafic Hariri High School (RHHS), Saida",0,0,1,Mother Monthly 100,Mother,100,100.0,12,1200.0,,unknown,line_amount_then_cadence,0,
Export,1320,202611,Professional,awarded,,1,2,1,Uncle Monthly 300,Uncle,300,300.0,12,3600.0,,unknown,line_amount_then_cadence,0,
Export,1330,202610,Undergraduate,awarded,Education and Teaching Secondary School (ETSS),0,0,1,Aunt Once 5290,,Aunt Once 5290,5290.0,1,5290.0,,unknown,line_amount_then_cadence,0,
Export,1334,202610,Undergraduate,awarded,Beirut Babptist School,0,0,1,Aunt Monthly 400,Aunt,400,400.0,12,4800.0,,unknown,line_amount_then_cadence,0,
Export,1337,202510,Undergraduate,awarded,"College Des Apotres, Jounieh",0,0,1,Married to Mary Missy N/A N/A,,Married to Mary Missy N/A N/A,,1,,,,line_amount_then_cadence,1,amount_unparsed
Export,1350,202710,Undergraduate,awarded,"Greenfield College, Bir Hassan",0,0,1,Grandmother Yearly 2000,Grandmother,2000,2000.0,1,2000.0,,unknown,line_amount_then_cadence,0,
Export,1358,202710,Undergraduate,,"Modern Community School, Chiyah",1,1,1,Uncle Monthly 1000,Uncle,1000,1000.0,12,12000.0,,unknown,line_amount_then_cadence,0,
Export,1371,202610,Undergraduate,awarded,"Greenfield College, Bir Hassan",0,0,1,Brother Monthly 500$,Brother,500$,500.0,12,6000.0,usd,usd,line_amount_then_cadence,0,
Export,1377,202510,Graduate,awarded,,1,2,1,Step father Monthly 300 dollars,Step father,300 dollars,300.0,12,3600.0,usd,usd,line_amount_then_cadence,0,
Export,1382,202710,Undergraduate,awarded,"Ali Bin Abi Taleb School, Beirut",0,0,1,Friend Yearly 10000,Friend,10000,10000.0,1,10000.0,,unknown,line_amount_then_cadence,0,
Export,1397,202610,Undergraduate,awarded,"Rafic Hariri High School (RHHS), Saida",0,0,1,Grandfather Yearly 6000,Grandfather,6000,6000.0,1,6000.0,,unknown,line_amount_then_cadence,0,
Export,1405,202711,Professional,awarded,,1,2,1,N/A Per Semester (Educational Assistance) 1500,N/A Per,(Educational Assistance) 1500,1500.0,2,3000.0,,unknown,line_amount_then_cadence,0,
Export,1408,202610,Undergraduate,awarded,The International School of Choueifat - Choueifat,0,0,1,"brother yearly 10,000$",brother,"10,000$",10000.0,1,10000.0,usd,usd,line_amount_then_cadence,0,
Export,1410,202611,Professional,awarded,,1,2,1,Member Based on request Depends on percentages,,Member Based on request Depends on percentages,,1,,,,line_amount_then_cadence,1,amount_unparsed
Export,1420,202610,Undergraduate,awarded,"La Cime School, Choueifat",0,0,1,Mother monthly 25$,Mother,25$,25.0,12,300.0,usd,usd,line_amount_then_cadence,0,
Export,1420,202610,Undergraduate,awarded,"La Cime School, Choueifat",0,0,2,Father monthly 25$,Father,25$,25.0,12,300.0,usd,usd,line_amount_then_cadence,0,
Export,1431,202510,Undergraduate,awarded,"Hariri High School II, Beirut",1,2,1,Employer Yearly 6000,Employer,6000,6000.0,1,6000.0,,unknown,line_amount_then_cadence,0,
Export,1461,202710,Undergraduate,awarded,"Saint Mary's Orthodox College (SMOC), Beirut",0,0,1,Deceased father's employer Yearly 7000,Deceased father's employer,7000,7000.0,1,7000.0,,unknown,line_amount_then_cadence,0,
Export,1468,202610,Undergraduate,denied,"International College (IC), Beirut",0,0,1,Cousin yearly 10000,Cousin,10000,10000.0,1,10000.0,,unknown,line_amount_then_cadence,0,
Export,1468,202610,Undergraduate,denied,"International College (IC), Beirut",0,0,2,Cousin yearly 15000,Cousin,15000,15000.0,1,15000.0,,unknown,line_amount_then_cadence,0,
Export,1470,202710,Undergraduate,,"International College (IC), Beirut",1,1,1,None monthly 630,None,630,630.0,12,7560.0,,unknown,line_amount_then_cadence,0,
Export,1472,202610,Undergraduate,awarded,The International School of Choueifat - Choueifat,0,0,1,Daughter Monthly 1000$,Daughter,1000$,1000.0,12,12000.0,usd,usd,line_amount_then_cadence,0,
Export,1484,202610,Undergraduate,usaid,"Makassed Islamic High School - Saida, Saida",0,0,1,assistantship for families that do not have any support because of deceased parent Monthly 650,assistantship for families that do not have any support because of deceased parent,650,650.0,12,7800.0,,unknown,line_amount_then_cadence,0,
Export,1490,202510,Graduate,awarded,,1,2,1,Brother Every month 300-400$,,Brother Every month 300-400$,350.0,1,350.0,usd,usd,line_amount_then_cadence,0,
Export,1503,202520,Undergraduate,awarded,Saint Joseph School Cornet Shehwan,0,0,1,Aunt Yearly 9000,Aunt,9000,9000.0,1,9000.0,,unknown,line_amount_then_cadence,0,
Export,1504,202610,Undergraduate,awarded,"Beirut Annuciation Orthodox College (BAC), Achrafieh",0,0,1,He is my uncle Yearly 3000,He is my uncle,3000,3000.0,1,3000.0,,unknown,line_amount_then_cadence,0,
Export,1561,202520,Graduate,awarded,,1,2,1,my father was a pharmacist monthly 80$,my father was a pharmacist,80$,80.0,12,960.0,usd,usd,line_amount_then_cadence,0,
Export,1561,202520,Graduate,awarded,,1,2,2,sister Monthly 100$,sister,100$,100.0,12,1200.0,usd,usd,line_amount_then_cadence,0,
Export,1569,202610,Undergraduate,awarded,"Bissan Secondary School UNRWA, Saida",0,0,1,Father Monthly 1900 $,Father,1900 $,1900.0,12,22800.0,usd,usd,line_amount_then_cadence,0,
Export,1569,202610,Undergraduate,awarded,"Bissan Secondary School UNRWA, Saida",0,0,2,Mother Monthly 1800$,Mother,1800$,1800.0,12,21600.0,usd,usd,line_amount_then_cadence,0,
Export,1583,202510,Graduate,awarded,,1,2,1,Uncle monthly 200$-300$,Uncle,200$-300$,200.0,12,2400.0,usd,usd,line_amount_then_cadence,0,
Export,1620,202610,Undergraduate,denied,"College Mariste Champville, Antelias",0,0,1,Grandmother Monthly 300,Grandmother,300,300.0,12,3600.0,,unknown,line_amount_then_cadence,0,
Export,1630,202610,Undergraduate,awarded,"Al Mahdi Shahed High School, Bourj El Barajneh",0,0,1,Grandfather from my father's side Yearly 1000,Grandfather from my father's side,1000,1000.0,1,1000.0,,unknown,line_amount_then_cadence,0,
Export,1632,202710,Undergraduate,awarded,"Official Secondary School Tebnin, Tebnine",0,0,1,Father's Sister Monthly 200,Father's Sister,200,200.0,12,2400.0,,unknown,line_amount_then_cadence,0,
Export,1632,202710,Undergraduate,awarded,"Official Secondary School Tebnin, Tebnine",0,0,2,Father's Sister Monthly 200,Father's Sister,200,200.0,12,2400.0,,unknown,line_amount_then_cadence,0,
Export,1647,202710,Undergraduate,denied,"Le Lycee National, Choueifat",0,0,1,Grandmother yearly 10000,Grandmother,10000,10000.0,1,10000.0,,unknown,line_amount_then_cadence,0,
Export,1664,202710,Undergraduate,awarded,"Official Secondary School, Choueifat",0,0,1,Brother Yearly 4000,Brother,4000,4000.0,1,4000.0,,unknown,line_amount_then_cadence,0,
Export,1664,202710,Undergraduate,awarded,"Official Secondary School, Choueifat",0,0,2,Brother Yearly 4000,Brother,4000,4000.0,1,4000.0,,unknown,line_amount_then_cadence,0,
Export,1664,202710,Undergraduate,awarded,"Official Secondary School, Choueifat",0,0,3,ministry of Social Affairs monthly 125,ministry of Social Affairs,125,125.0,12,1500.0,,unknown,line_amount_then_cadence,0,
Export,1667,202710,Undergraduate,awarded,The International School of Choueifat - Koura,0,0,1,Father Monthly 750,Father,750,750.0,12,9000.0,,unknown,line_amount_then_cadence,0,
Export,1678,202610,Undergraduate,awarded,"Rafic Hariri High School (RHHS), Saida",0,0,1,uncle monthly 2000,uncle,2000,2000.0,12,24000.0,,unknown,line_amount_then_cadence,0,
Export,1679,202611,Professional,awarded,,1,2,1,Brother Yearly $4000,Brother,$4000,4000.0,1,4000.0,usd,usd,line_amount_then_cadence,0,
Export,1679,202611,Professional,awarded,,1,2,2,Brother Yearly $4000,Brother,$4000,4000.0,1,4000.0,usd,usd,line_amount_then_cadence,0,
Export,1687,202710,Undergraduate,awarded,"International College (IC), Beirut",0,0,1,Scholarship stipend Monthly 130,Scholarship stipend,130,130.0,12,1560.0,,unknown,line_amount_then_cadence,0,
Export,1687,202710,Undergraduate,awarded,"International College (IC), Beirut",0,0,2,Beneficiary Monthly 85,Beneficiary,85,85.0,12,1020.0,,unknown,line_amount_then_cadence,0,
Export,1687,202710,Undergraduate,awarded,"International College (IC), Beirut",0,0,3,Uncle Monthly 100,Uncle,100,100.0,12,1200.0,,unknown,line_amount_then_cadence,0,
Export,1693,202610,Undergraduate,denied,"College Notre Dame de Jamhour, Baabda",0,0,1,Grandfather Monthly $1000,Grandfather,$1000,1000.0,12,12000.0,usd,usd,line_amount_then_cadence,0,
Export,1698,202610,Undergraduate,awarded,"Amjad School, Choueifat",0,0,1,Daughter Monthly 400$,Daughter,400$,400.0,12,4800.0,usd,usd,line_amount_then_cadence,0,
Export,1709,202510,Graduate,awarded,,1,2,1,Sister Per semester Depends on requirement,,Sister Per semester Depends on requirement,,2,,,,line_amount_then_cadence,1,amount_unparsed
Export,1713,202610,Undergraduate,awarded,"Lycee Montaigne, Beit Chabab",0,0,1,ex member of parliament monthy 600,,ex member of parliament monthy 600,600.0,1,600.0,,unknown,line_amount_then_cadence,0,
Export,1728,202510,Undergraduate,denied,,1,3,1,"Aunt Yearly 1,000$",Aunt,"1,000$",1000.0,1,1000.0,usd,usd,line_amount_then_cadence,0,
Export,1751,202610,Undergraduate,awarded,"College Protestant Francais (CPF), Koraytem Beirut",0,0,1,Paternal Aunt Yearly 1000,Paternal Aunt,1000,1000.0,1,1000.0,,unknown,line_amount_then_cadence,0,
Export,1751,202610,Undergraduate,awarded,"College Protestant Francais (CPF), Koraytem Beirut",0,0,2,Maternal Aunt yearly 2000,Maternal Aunt,2000,2000.0,1,2000.0,,unknown,line_amount_then_cadence,0,
Export,1753,202610,Undergraduate,awarded,"College des Saints Coeurs Sioufi, Achrafieh",0,0,1,Uncle Monthly 300,Uncle,300,300.0,12,3600.0,,unknown,line_amount_then_cadence,0,
Export,1770,202610,Undergraduate,usaid,"Offical Secondary School Shakib Irslan, Beirut",0,0,1,uncle of my mother once per month 70$,uncle of my mother once,70$,70.0,12,840.0,usd,usd,line_amount_then_cadence,0,
Export,1770,202610,Undergraduate,usaid,"Offical Secondary School Shakib Irslan, Beirut",0,0,2,Aunt of my mother once per month 100$,Aunt of my mother once,100$,100.0,12,1200.0,usd,usd,line_amount_then_cadence,0,
Export,1770,202610,Undergraduate,usaid,"Offical Secondary School Shakib Irslan, Beirut",0,0,3,My aunt once per month 70$,My aunt once,70$,70.0,12,840.0,usd,usd,line_amount_then_cadence,0,
Export,1770,202610,Undergraduate,usaid,"Offical Secondary School Shakib Irslan, Beirut",0,0,4,Neighbor once per month 30$,Neighbor once,30$,30.0,12,360.0,usd,usd,line_amount_then_cadence,0,
Export,1775,202520,Undergraduate,denied,,1,3,1,sister monthly 300$,sister,300$,300.0,12,3600.0,usd,usd,line_amount_then_cadence,0,
Export,1775,202520,Undergraduate,denied,,1,3,2,Brother Monthly 300$,Brother,300$,300.0,12,3600.0,usd,usd,line_amount_then_cadence,0,
Export,1777,202710,Undergraduate,,"Sagesse High School, Ain Saade",1,1,1,Uncle Yearly 20000,Uncle,20000,20000.0,1,20000.0,,unknown,line_amount_then_cadence,0,
Export,1778,202610,Undergraduate,denied,"Al Iman School, Ain Bourday Baalbek",0,0,1,Brother When we need Depends how much we need,,Brother When we need Depends how much we need,,1,,,,line_amount_then_cadence,1,amount_unparsed
Export,1787,202710,Undergraduate,awarded,"Etablissement Sainte Anne des Soeurs de Besancon, Beirut",0,0,1,Father's Cousin Quarterly(Once each three months) 250,Father's Cousin,(Once each three months) 250,250.0,4,1000.0,,unknown,line_amount_then_cadence,0,
Export,1813,202510,Graduate,awarded,,1,2,1,Uncle Yearly 10000,Uncle,10000,10000.0,1,10000.0,,unknown,line_amount_then_cadence,0,
Export,1817,202611,Professional,awarded,,1,2,1,Grandmother Yearly 2000,Grandmother,2000,2000.0,1,2000.0,,unknown,line_amount_then_cadence,0,
Export,1817,202611,Professional,awarded,,1,2,2,Grandmother Yearly 2500,Grandmother,2500,2500.0,1,2500.0,,unknown,line_amount_then_cadence,0,
Export,1821,202520,Undergraduate,denied,"Notre-Dame de Lourdes,Jbeil",1,1,1,من خلال وظيفة والدتي yearly 6000$(for 5 siblings in school 2023-2024),من خلال وظيفة والدتي,6000$(for 5 siblings in school 2023-2024),2023.5,1,2023.5,usd,usd,line_amount_then_cadence,0,
Export,1827,202610,Undergraduate,denied,"Lycee de la Finesse, Haret Hreik",0,0,1,"goverment (It is only a two year program, and we have about less than 4 months to stop benefiting from it.) monthly 85","goverment (It is only a two year program, and we have about less than months to stop benefiting from it.)",,,12,,,,line_amount_then_cadence,1,ambiguous_amount_location; amount_unparsed
Export,1833,202610,Undergraduate,awarded,"Al Bayader School, Zarif",0,0,1,"uncle Yearly 5,000$",uncle,"5,000$",5000.0,1,5000.0,usd,usd,line_amount_then_cadence,0,
Export,1841,202710,Undergraduate,awarded,"Lycee Pascal (LP), Ikleem El Kharoub",0,0,1,son in law yearly 2000,son in law,2000,2000.0,1,2000.0,,unknown,line_amount_then_cadence,0,
Export,1842,202510,Graduate,awarded,,1,2,1,Aunt yearly 1200 $,Aunt,1200 $,1200.0,1,1200.0,usd,usd,line_amount_then_cadence,0,
Export,1843,202510,Graduate,denied,,1,2,1,Brother Each six months 1200$,,Brother Each six months 1200$,1200.0,1,1200.0,usd,usd,line_amount_then_cadence,0,
Export,1849,202710,Undergraduate,awarded,"College Notre Dame de Nazareth (NDN), Achrafieh",0,0,1,NGO Yearly 3000,NGO,3000,3000.0,1,3000.0,,unknown,line_amount_then_cadence,0,
Export,1849,202710,Undergraduate,awarded,"College Notre Dame de Nazareth (NDN), Achrafieh",0,0,2,NGO Yearly 2000,NGO,2000,2000.0,1,2000.0,,unknown,line_amount_then_cadence,0,
Export,1849,202710,Undergraduate,awarded,"College Notre Dame de Nazareth (NDN), Achrafieh",0,0,3,NGO Yearly 3000,NGO,3000,3000.0,1,3000.0,,unknown,line_amount_then_cadence,0,
Export,1850,202610,Undergraduate,denied,"College des Saints Coeurs Sioufi, Achrafieh",0,0,1,Insurer yearly 1900$,Insurer,1900$,1900.0,1,1900.0,usd,usd,line_amount_then_cadence,0,
Export,1858,202610,Undergraduate,awarded,"Ecole des Filles de la Charite, Clemeceau",0,0,1,NGO only for school tuition (one payment for a school year) 550,,NGO only for school tuition (one payment for a school year) 550,550.0,1,550.0,,unknown,line_amount_then_cadence,0,
Export,1858,202610,Undergraduate,awarded,"Ecole des Filles de la Charite, Clemeceau",0,0,2,NGO only for school tuition (one payment for a school year) 300,,NGO only for school tuition (one payment for a school year) 300,300.0,1,300.0,,unknown,line_amount_then_cadence,0,
Export,1858,202610,Undergraduate,awarded,"Ecole des Filles de la Charite, Clemeceau",0,0,3,NGO school tuition (one payment) and 30$ food voucher every 2 months 300,NGO school tuition (one payment) and $ food voucher,,,6.0,,usd,usd,line_amount_then_cadence,1,ambiguous_amount_location; amount_unparsed
Export,1858,202610,Undergraduate,awarded,"Ecole des Filles de la Charite, Clemeceau",0,0,4,NGO every 2 months 40,NGO,40,40.0,6.0,240.0,,unknown,line_amount_then_cadence,0,
Export,1862,202510,Graduate,awarded,,1,2,1,Sister Monthly $400,Sister,$400,400.0,12,4800.0,usd,usd,line_amount_then_cadence,0,
Export,1881,202510,Graduate,denied,,1,2,1,Father's brother Monthly 250,Father's brother,250,250.0,12,3000.0,,unknown,line_amount_then_cadence,0,
Export,1903,202610,Undergraduate,denied,"American Community School Beirut (ACS), Beirut",0,0,1,Maternal Aunt Yearly 15740,Maternal Aunt,15740,15740.0,1,15740.0,,unknown,line_amount_then_cadence,0,
Export,1904,202510,Graduate,awarded,,1,2,1,Sister Approximately monthly (every month or 2) 300,Sister Approximately,(every month or 2) 300,2.0,12,24.0,,unknown,line_amount_then_cadence,0,
Export,1908,202610,Undergraduate,awarded,"Tannoukhia National School, Abey",0,0,1,sister Monthly 200,sister,200,200.0,12,2400.0,,unknown,line_amount_then_cadence,0,
Export,1908,202610,Undergraduate,awarded,"Tannoukhia National School, Abey",0,0,2,Father Monthly 50,Father,50,50.0,12,600.0,,unknown,line_amount_then_cadence,0,
Export,1915,202610,Undergraduate,denied,"Sagesse High School, Ain Saade",0,0,1,Family Monthly 1000,Family,1000,1000.0,12,12000.0,,unknown,line_amount_then_cadence,0,
Export,1918,202710,Undergraduate,awarded,"International College (IC), Beirut",0,0,1,"Organization Monthly, which I utilize for my school tuition but which will cease when I turn 18 1220",Organization,which I utilize for my school tuition but which will cease when I turn 18 1220,18.0,12,216.0,,unknown,line_amount_then_cadence,0,
Export,1918,202710,Undergraduate,awarded,"International College (IC), Beirut",0,0,2,"Survivor Benefits from the Lebanese Order of Physicians, received through my late father's registration. Monthly 350","Survivor Benefits from the Lebanese Order of Physicians, received through my late father's registration.",350,350.0,12,4200.0,,unknown,line_amount_then_cadence,0,
Export,1918,202710,Undergraduate,awarded,"International College (IC), Beirut",0,0,3,"Mother Monthly, a monthly withdrawal my mother receives from her private bank account, as permitted for depositors given the financial crisis in Lebanon 800","Mother , a","withdrawal my mother receives from her private bank account, as permitted for depositors given the financial crisis in Lebanon 800",800.0,12,9600.0,,unknown,line_amount_then_cadence,0,
Export,1918,202710,Undergraduate,awarded,"International College (IC), Beirut",0,0,4,Extended family members 12 800,,,,1,,,,line_amount_then_cadence,1,multiple_amount_candidates; amount_unparsed
Export,1920,202610,Undergraduate,denied,Institut Libanais d'Enseigneme,0,0,1,Uncle Monthly 770,Uncle,770,770.0,12,9240.0,,unknown,line_amount_then_cadence,0,
Export,1929,202610,Undergraduate,awarded,"Lycée Franco Libanais, Verdun",0,0,1,aunt monthly 300,aunt,300,300.0,12,3600.0,,unknown,line_amount_then_cadence,0,
Export,1929,202610,Undergraduate,awarded,"Lycée Franco Libanais, Verdun",0,0,2,brother monthly 300,brother,300,300.0,12,3600.0,,unknown,line_amount_then_cadence,0,
Export,1936,202610,Undergraduate,awarded,"Lycee Emmanuel, Kfarshima",0,0,1,Uncle Yearly 6000,Uncle,6000,6000.0,1,6000.0,,unknown,line_amount_then_cadence,0,
Export,1941,202610,Graduate,denied,,1,2,1,Aunt Monthly 500,Aunt,500,500.0,12,6000.0,,unknown,line_amount_then_cadence,0,
Export,1942,202710,Undergraduate,awarded,Beirut Baptist,0,0,1,Place of Employment Yearly 10685,Place of Employment,10685,10685.0,1,10685.0,,unknown,line_amount_then_cadence,0,
Export,1943,202610,Undergraduate,awarded,"Ecole des Filles de la Charite, Clemeceau",1,2,1,قطاع عام Yearly 17150000,قطاع عام,17150000,17150000.0,1,17150000.0,,likely_lbp_unmarked,line_amount_then_cadence,0,
Export,1950,202610,Undergraduate,awarded,"The National Evangelical Institute for Girls and Boys, Saida",0,0,1,Uncle Monthly 800,Uncle,800,800.0,12,9600.0,,unknown,line_amount_then_cadence,0,
Export,1960,202610,Undergraduate,awarded,"Beirut Modern School (BMS), Ghobeiry",0,0,1,Father's Employer yearly 6000,Father's Employer,6000,6000.0,1,6000.0,,unknown,line_amount_then_cadence,0,
Export,1969,202610,Undergraduate,,Dr. Nazih Bizri Public High School,1,1,1,Uncle Monthly 500$,Uncle,500$,500.0,12,6000.0,usd,usd,line_amount_then_cadence,0,
Export,1970,202510,Graduate,denied,,1,2,1,Brother-Sister Every two months 300$,,Brother-Sister Every two months 300$,300.0,1,300.0,usd,usd,line_amount_then_cadence,0,
Export,1977,202711,Professional,awarded,,1,2,1,Mother Monthly 200,Mother,200,200.0,12,2400.0,,unknown,line_amount_then_cadence,0,
Export,1977,202711,Professional,awarded,,1,2,2,Father Weekly 200,Father,200,200.0,52,10400.0,,unknown,line_amount_then_cadence,0,
Export,1977,202711,Professional,awarded,,1,2,3,Was donor for undergraduate education given I maintain high GPA and high sholarship only Per semester of undergraduate 2000,Was donor for undergraduate education given I maintain high GPA and high sholarship only Per,of undergraduate 2000,2000.0,2,4000.0,,unknown,line_amount_then_cadence,0,
Export,1983,202610,Undergraduate,awarded,"LWIS City International School DT Beirut, Beirut",0,0,1,Grandmother Yearly 5000,Grandmother,5000,5000.0,1,5000.0,,unknown,line_amount_then_cadence,0,
Export,1990,202610,Undergraduate,awarded,"Official Secondary School, Ghazieh",0,0,1,Family Friend Monthly 100,Family Friend,100,100.0,12,1200.0,,unknown,line_amount_then_cadence,0,
Export,1996,202610,Undergraduate,awarded,Lycée Français International Elite Beyrou,0,0,1,sister monthly 500,sister,500,500.0,12,6000.0,,unknown,line_amount_then_cadence,0,
Export,1996,202610,Undergraduate,awarded,Lycée Français International Elite Beyrou,0,0,2,sister monthly 500,sister,500,500.0,12,6000.0,,unknown,line_amount_then_cadence,0,
Export,2002,202610,Undergraduate,awarded,"Houssameddine Hariri High School, Saida",0,0,1,Uncle Yearly 2000,Uncle,2000,2000.0,1,2000.0,,unknown,line_amount_then_cadence,0,
Export,2005,202510,Undergraduate,awarded,"Brummana High School (BHS), Brummana",0,0,1,Uncle Once a month 150$ (which contribute to school fees),,Uncle Once a month 150$ (which contribute to school fees),150.0,1,150.0,usd,usd,line_amount_then_cadence,0,
Export,2005,202510,Undergraduate,awarded,"Brummana High School (BHS), Brummana",0,0,2,Mother's Cousin Once a month 150$ (which contribute to school fees),,Mother's Cousin Once a month 150$ (which contribute to school fees),150.0,1,150.0,usd,usd,line_amount_then_cadence,0,
Export,2011,202611,Professional,awarded,,1,2,1,Brother monthly 520$(for all the family),Brother,520$(for all the family),520.0,12,6240.0,usd,usd,line_amount_then_cadence,0,
Export,2028,202610,Undergraduate,denied,"Saint Joseph School Cornet Shehwan, Cornet Chahwan",0,0,1,parents Monthly 650,parents,650,650.0,12,7800.0,,unknown,line_amount_then_cadence,0,
Export,2029,202611,Professional,awarded,,1,2,1,Aunt Monthly 1200$,Aunt,1200$,1200.0,12,14400.0,usd,usd,line_amount_then_cadence,0,
Export,2030,202610,Undergraduate,awarded,Universal College - Aley,0,0,1,"Uncle Every four months $1,000",,"Uncle Every four months $1,000",1000.0,1,1000.0,usd,usd,line_amount_then_cadence,0,
Export,2031,202610,Undergraduate,awarded,"Antonine International School (AIS), Ajaltoun",0,0,1,Aunt Monthly 400,Aunt,400,400.0,12,4800.0,,unknown,line_amount_then_cadence,0,
Export,2031,202610,Undergraduate,awarded,"Antonine International School (AIS), Ajaltoun",0,0,2,Cousin Monthly 600,Cousin,600,600.0,12,7200.0,,unknown,line_amount_then_cadence,0,
Export,2039,,Undergraduate,,Universal College - Aley,1,2,1,organization each semester 2075,organization each,2075,2075.0,2,4150.0,,unknown,line_amount_then_cadence,0,
Export,2048,202610,Undergraduate,denied,"Wellspring Learning Community School, Ain El Remmaneh",0,0,1,Father Monthly 200,Father,200,200.0,12,2400.0,,unknown,line_amount_then_cadence,0,
Export,2050,202710,Undergraduate,,"The Martyr Hasan Kassir Secondary School, Bir Hassan",1,1,1,Brother Monthly 800,Brother,800,800.0,12,9600.0,,unknown,line_amount_then_cadence,0,
Export,2059,202610,Undergraduate,awarded,Lycée Français International Elite Beyrou,0,0,1,Niece (Maternal uncle) Variable Variable,,Niece (Maternal uncle) Variable Variable,,1,,,,line_amount_then_cadence,1,amount_unparsed
Export,2059,202610,Undergraduate,awarded,Lycée Français International Elite Beyrou,0,0,2,Mother's Uncle Variable Variable,,Mother's Uncle Variable Variable,,1,,,,line_amount_then_cadence,1,amount_unparsed
Export,2063,202510,Graduate,awarded,,1,2,1,Grandmother monthly 500,Grandmother,500,500.0,12,6000.0,,unknown,line_amount_then_cadence,0,
Export,2065,202610,Undergraduate,awarded,"Mustafa Shoumran High School, Bayssarieh",0,0,1,My mother's uncle Monthly 1000,My mother's uncle,1000,1000.0,12,12000.0,,unknown,line_amount_then_cadence,0,
Export,2067,202510,Undergraduate,awarded,"Le Lycee National, Choueifat",0,0,1,Older Sister Monthly 250$,Older Sister,250$,250.0,12,3000.0,usd,usd,line_amount_then_cadence,0,
Export,2071,202610,Undergraduate,awarded,"Tahwita Modern School (TMS), Tahouitet El Ghadir",0,0,1,Uncle Monthly 100,Uncle,100,100.0,12,1200.0,,unknown,line_amount_then_cadence,0,
Export,2073,202610,Undergraduate,awarded,"Deutsche Internationale Schule Beirut (DISB), Khaldah",0,0,1,Grandmother Monthly 1500$,Grandmother,1500$,1500.0,12,18000.0,usd,usd,line_amount_then_cadence,0,
Export,2073,202610,Undergraduate,awarded,"Deutsche Internationale Schule Beirut (DISB), Khaldah",0,0,2,Half-siblings Monthly 2000$,Half-siblings,2000$,2000.0,12,24000.0,usd,usd,line_amount_then_cadence,0,
Export,2074,202611,Professional,awarded,,1,2,1,"Half Brother 2-3 times a year around 4,000$ total per year",Half Brother - times a year around $ total per year,"Half Brother 2-3 times a year 4,000$ total per year",2.5,1,2.5,usd,usd,line_amount_then_cadence,0,
Export,2074,202611,Professional,awarded,,1,2,2,"Half Brother 2-3 times around 3,000$ total per year",Half Brother - times around $ total per year,"Half Brother 2-3 times 3,000$ total per year",2.5,1,2.5,usd,usd,line_amount_then_cadence,0,
Export,2077,202611,Professional,awarded,,1,2,1,Grand mother Monthly 600,Grand mother,600,600.0,12,7200.0,,unknown,line_amount_then_cadence,0,
Export,2083,202610,Undergraduate,awarded,"Lycée Franco Libanais, Verdun",0,0,1,Uncle (Father's brother) Monthly 375,Uncle (Father's brother),375,375.0,12,4500.0,,unknown,line_amount_then_cadence,0,
Export,2084,202610,Undergraduate,awarded,Lebanese Evangelical School for Boys and Girls,1,2,1,Mother Yearly 4475000000,Mother,4475000000,4475000000.0,1,4475000000.0,,likely_lbp_unmarked,line_amount_then_cadence,0,
Export,2089,202610,Undergraduate,awarded,"Al Bayader School, Zarif",0,0,1,Uncle Yearly 1000,Uncle,1000,1000.0,1,1000.0,,unknown,line_amount_then_cadence,0,
Export,2099,202610,Undergraduate,awarded,"Al Iman Exemplary Islamic School, Barja Chouf",0,0,1,Organization Monthly 50$,Organization,50$,50.0,12,600.0,usd,usd,line_amount_then_cadence,0,
Export,2099,202610,Undergraduate,awarded,"Al Iman Exemplary Islamic School, Barja Chouf",0,0,2,Organization Monthly 25$,Organization,25$,25.0,12,300.0,usd,usd,line_amount_then_cadence,0,
Export,2099,202610,Undergraduate,awarded,"Al Iman Exemplary Islamic School, Barja Chouf",0,0,3,Organization Monthly 30$,Organization,30$,30.0,12,360.0,usd,usd,line_amount_then_cadence,0,
Export,2099,202610,Undergraduate,awarded,"Al Iman Exemplary Islamic School, Barja Chouf",0,0,4,Organization Monthly 10$,Organization,10$,10.0,12,120.0,usd,usd,line_amount_then_cadence,0,
Export,2103,202710,Undergraduate,,"Al Makassed Omar Bin Al Khattab College, Beirut",1,1,1,Niece Yearly 10000,Niece,10000,10000.0,1,10000.0,,unknown,line_amount_then_cadence,0,
Export,2104,202611,Professional,awarded,,1,2,1,Aunt Every few months 500,Aunt,500,500.0,4,2000.0,,unknown,line_amount_then_cadence,0,
Export,2116,202610,Undergraduate,awarded,"Hariri School III, Tareek Al Jadeeda",0,0,1,Uncle (from mother's side) Monthly 500,Uncle (from mother's side),500,500.0,12,6000.0,,unknown,line_amount_then_cadence,0,
Export,2116,202610,Undergraduate,awarded,"Hariri School III, Tareek Al Jadeeda",0,0,2,Uncle (from mother's side) Monthly 300,Uncle (from mother's side),300,300.0,12,3600.0,,unknown,line_amount_then_cadence,0,
Export,2125,202610,Undergraduate,awarded,The International School of Choueifat - Choueifat,0,0,1,Uncle Yearly 8000,Uncle,8000,8000.0,1,8000.0,,unknown,line_amount_then_cadence,0,
Export,2133,202611,Professional,awarded,,1,2,1,daughter yearly 3000$,daughter,3000$,3000.0,1,3000.0,usd,usd,line_amount_then_cadence,0,
Export,2139,202610,Undergraduate,awarded,"Amjad School, Choueifat",0,0,1,aunt monthly 200,aunt,200,200.0,12,2400.0,,unknown,line_amount_then_cadence,0,
Export,2145,202510,Graduate,awarded,,1,2,1,cousin once in a while 200$,,cousin once in a while 200$,200.0,1,200.0,usd,usd,line_amount_then_cadence,0,
Export,2155,202610,Undergraduate,awarded,"Lycée Franco Libanais, Verdun",0,0,1,Aunt Monthly 600,Aunt,600,600.0,12,7200.0,,unknown,line_amount_then_cadence,0,
Export,2155,202610,Undergraduate,awarded,"Lycée Franco Libanais, Verdun",0,0,2,Grandmother Monthly 600,Grandmother,600,600.0,12,7200.0,,unknown,line_amount_then_cadence,0,
Export,2156,202610,Undergraduate,awarded,"College Notre Dame de Jamhour, Baabda",0,0,1,Father employer 1 5750 USD,,,,1,,usd,usd,line_amount_then_cadence,1,multiple_amount_candidates; amount_unparsed
Export,2159,202710,Undergraduate,awarded,"College Saint Joseph Des Soeurs Antonines, Ksara",0,0,1,Sister Monthly 500,Sister,500,500.0,12,6000.0,,unknown,line_amount_then_cadence,0,
Export,2159,202710,Undergraduate,awarded,"College Saint Joseph Des Soeurs Antonines, Ksara",0,0,2,Brother Monthly 500,Brother,500,500.0,12,6000.0,,unknown,line_amount_then_cadence,0,
Export,2164,202610,Undergraduate,awarded,Collège Saint Joseph Antoura,0,0,1,maternal grandfather monthly 700$,maternal grandfather,700$,700.0,12,8400.0,usd,usd,line_amount_then_cadence,0,
Export,2164,202610,Undergraduate,awarded,Collège Saint Joseph Antoura,0,0,2,Father(seperated from the family) monthly 50$ (family alimony),Father(seperated from the family),50$ (family alimony),50.0,12,600.0,usd,usd,line_amount_then_cadence,0,
Export,2164,202610,Undergraduate,awarded,Collège Saint Joseph Antoura,0,0,3,Bank monthly 150$,Bank,150$,150.0,12,1800.0,usd,usd,line_amount_then_cadence,0,
Export,2167,202510,Graduate,awarded,,1,2,1,I am her daughter Monthly around 2100$,I am her daughter around,2100$,2100.0,12,25200.0,usd,usd,line_amount_then_cadence,0,
Export,2183,202610,Undergraduate,awarded,Lycée Français International Elite Beyrou,0,0,1,Sibling Monthly 1200,Sibling,1200,1200.0,12,14400.0,,unknown,line_amount_then_cadence,0,
Export,2183,202610,Undergraduate,awarded,Lycée Français International Elite Beyrou,0,0,2,Sibling Monthly 800,Sibling,800,800.0,12,9600.0,,unknown,line_amount_then_cadence,0,
Export,2190,202520,Undergraduate,denied,,1,3,1,grand father monthly 2000,grand father,2000,2000.0,12,24000.0,,unknown,line_amount_then_cadence,0,
Export,2212,202610,Undergraduate,awarded,"Shouf National College, Chouf",0,0,1,"Uncle Yearly $2,500",Uncle,"$2,500",2500.0,1,2500.0,usd,usd,line_amount_then_cadence,0,
Export,2220,202510,Graduate,awarded,,1,2,1,Niece Monthly 80$,Niece,80$,80.0,12,960.0,usd,usd,line_amount_then_cadence,0,
Export,2227,202611,Professional,awarded,,1,2,1,Aunt Monthly 500,Aunt,500,500.0,12,6000.0,,unknown,line_amount_then_cadence,0,
Export,2244,202611,Professional,awarded,,1,2,1,Son of the Assistant Fluctuates 500000,,Son of the Assistant Fluctuates 500000,500000.0,1,500000.0,,unknown,line_amount_then_cadence,0,
Export,2253,202611,Professional,awarded,,1,2,1,neighbor yearly amount varies,,neighbor yearly amount varies,,1,,,,line_amount_then_cadence,1,amount_unparsed
Export,2260,202710,Undergraduate,awarded,"College Notre Dame de Jamhour, Baabda",0,0,1,Grandparents Monthly 1500,Grandparents,1500,1500.0,12,18000.0,,unknown,line_amount_then_cadence,0,
Export,2291,202510,Graduate,awarded,,1,2,1,Niece Every two months 700,,Niece Every two months 700,700.0,1,700.0,,unknown,line_amount_then_cadence,0,
Export,2318,202710,Undergraduate,,Lebanese Evangelical School for Boys and Girls,1,1,1,My uncle Quartely 3000,,My uncle Quartely 3000,3000.0,1,3000.0,,unknown,line_amount_then_cadence,0,
Export,2320,202710,Undergraduate,awarded,"Khaled Bin Al Walid, Beirut",0,0,1,Granddaughter Monthly 600,Granddaughter,600,600.0,12,7200.0,,unknown,line_amount_then_cadence,0,
Export,2320,202710,Undergraduate,awarded,"Khaled Bin Al Walid, Beirut",0,0,2,Niece Yearly 30000,Niece,30000,30000.0,1,30000.0,,unknown,line_amount_then_cadence,0,
Export,2328,202610,Undergraduate,awarded,"Amjad School, Choueifat",0,0,1,The Applicant's Grandfather Yearly 3000$-4000$,The Applicant's Grandfather,3000$-4000$,3000.0,1,3000.0,usd,usd,line_amount_then_cadence,0,
Export,2340,202710,Undergraduate,denied,"Hariri High School II, Beirut",0,0,1,UNCLE MONTYHLY 1000,,UNCLE MONTYHLY 1000,1000.0,1,1000.0,,unknown,line_amount_then_cadence,0,
Export,2342,202610,Undergraduate,awarded,"Saint Elie Btina Secondary School, Wata El Mousaitbeh",0,0,1,Work Yearly 2000,Work,2000,2000.0,1,2000.0,,unknown,line_amount_then_cadence,0,
Export,2355,202610,Undergraduate,denied,The International School of Choueifat - Choueifat,0,0,1,Hes my uncle Monthly 1000,Hes my uncle,1000,1000.0,12,12000.0,,unknown,line_amount_then_cadence,0,
Export,2359,202610,Undergraduate,denied,Lebanese Evangelical School for Boys and Girls,0,0,1,fathers brother 150 monthly,,fathers brother 150,150.0,12,1800.0,,unknown,line_amount_then_cadence,0,
Export,2365,202610,Undergraduate,awarded,"Khaled Bin Al Walid, Beirut",0,0,1,Sister Monthly 700,Sister,700,700.0,12,8400.0,,unknown,line_amount_then_cadence,0,
Export,2365,202610,Undergraduate,awarded,"Khaled Bin Al Walid, Beirut",0,0,2,Sister Monthly 1200,Sister,1200,1200.0,12,14400.0,,unknown,line_amount_then_cadence,0,
Export,2387,202610,Undergraduate,awarded,"Lycee Hanaway, Tyre",0,0,1,My Uncle Yearly 1000,My Uncle,1000,1000.0,1,1000.0,,unknown,line_amount_then_cadence,0,
Export,2389,202510,Undergraduate,awarded,"Saint Mary's Orthodox College (SMOC), Beirut",0,0,1,"Father End of every month $ 1,250",,"Father End of every month $ 1,250",1250.0,1,1250.0,usd,usd,line_amount_then_cadence,0,
Export,2389,202510,Undergraduate,awarded,"Saint Mary's Orthodox College (SMOC), Beirut",0,0,2,Mother End of every month $ 400,,Mother End of every month $ 400,400.0,1,400.0,usd,usd,line_amount_then_cadence,0,
Export,2402,202610,Undergraduate,denied,"International School of Akkar, Akkar",0,0,1,My Father Monthly 200$,My Father,200$,200.0,12,2400.0,usd,usd,line_amount_then_cadence,0,
Export,2407,202510,Graduate,awarded,,1,2,1,Uncle Once every 2-3 years ( when needed) 500$,,Uncle Once every 2-3 years ( when needed) 500$,2.5,1,2.5,usd,usd,line_amount_then_cadence,0,
Export,2416,202710,Undergraduate,,The International School of Choueifat - Choueifat,1,1,1,Neice (he is my uncle) Yearly 15000,Neice (he is my uncle),15000,15000.0,1,15000.0,,unknown,line_amount_then_cadence,0,
Export,2417,202611,Professional,awarded,,1,2,1,Aunt irregular upon demand or expenses 5000$,,Aunt irregular upon demand or expenses 5000$,5000.0,1,5000.0,usd,usd,line_amount_then_cadence,0,
Export,2417,202611,Professional,awarded,,1,2,2,Aunt's Husband irregular upon demand or expenses 3000$,,Aunt's Husband irregular upon demand or expenses 3000$,3000.0,1,3000.0,usd,usd,line_amount_then_cadence,0,
Export,2417,202611,Professional,awarded,,1,2,3,Uncle irregular upon demand or expenses 10000$,,Uncle irregular upon demand or expenses 10000$,10000.0,1,10000.0,usd,usd,line_amount_then_cadence,0,
Export,2434,202610,Undergraduate,,"Lebanese International School, Haret Hreik",1,1,1,Uncle Yearly 4000,Uncle,4000,4000.0,1,4000.0,,unknown,line_amount_then_cadence,0,
Export,2434,202610,Undergraduate,,"Lebanese International School, Haret Hreik",1,1,2,NGO yearly 1000,NGO,1000,1000.0,1,1000.0,,unknown,line_amount_then_cadence,0,
Export,2444,202610,Undergraduate,awarded,"Houssameddine Hariri High School, Saida",0,0,1,Father Weekly 30,Father,30,30.0,52,1560.0,,unknown,line_amount_then_cadence,0,
Export,2453,202610,Undergraduate,awarded,"Christian Teaching Institute (CTI), Sin El Fil Maten",0,0,1,Cousin >yearly 2000,Cousin >,2000,2000.0,1,2000.0,,unknown,line_amount_then_cadence,0,
Export,2453,202610,Undergraduate,awarded,"Christian Teaching Institute (CTI), Sin El Fil Maten",0,0,2,Cousin >yearly 1000,Cousin >,1000,1000.0,1,1000.0,,unknown,line_amount_then_cadence,0,
Export,2474,202710,Undergraduate,,"Al Hidaya High School, Bchamoun",1,1,1,Sister Monthly 1000,Sister,1000,1000.0,12,12000.0,,unknown,line_amount_then_cadence,0,
Export,2484,202510,Undergraduate,awarded,"Sagesse Saint Jean Brasilia, Baabda",0,0,1,Father's brother every month 100$,,Father's brother every month 100$,100.0,1,100.0,usd,usd,line_amount_then_cadence,0,
Export,2487,202610,Undergraduate,awarded,Lycée Français International Elite Beyrou,0,0,1,My mother's Aunt monthly 250$,My mother's Aunt,250$,250.0,12,3000.0,usd,usd,line_amount_then_cadence,0,
Export,2487,202610,Undergraduate,awarded,Lycée Français International Elite Beyrou,0,0,2,applicant's uncle monthly 400$,applicant's uncle,400$,400.0,12,4800.0,usd,usd,line_amount_then_cadence,0,
Export,2487,202610,Undergraduate,awarded,Lycée Français International Elite Beyrou,0,0,3,applicant's uncle monthly 200$,applicant's uncle,200$,200.0,12,2400.0,usd,usd,line_amount_then_cadence,0,
Export,2487,202610,Undergraduate,awarded,Lycée Français International Elite Beyrou,0,0,4,my mother's cousin monthly 100$,my mother's cousin,100$,100.0,12,1200.0,usd,usd,line_amount_then_cadence,0,
Export,2491,202710,Undergraduate,awarded,"College Protestant Francais (CPF), Koraytem Beirut",0,0,1,School Yearly financial aid 6300,School,financial aid 6300,6300.0,1,6300.0,,unknown,line_amount_then_cadence,0,
Export,2495,202610,Undergraduate,awarded,"Beirut Babptist School (BBS), Mouseitbeh",0,0,1,Uncle yearly 7800,Uncle,7800,7800.0,1,7800.0,,unknown,line_amount_then_cadence,0,
Export,2495,202610,Undergraduate,awarded,"Beirut Babptist School (BBS), Mouseitbeh",0,0,2,Uncle monthly 400,Uncle,400,400.0,12,4800.0,,unknown,line_amount_then_cadence,0,
Export,2497,202510,Graduate,denied,,1,2,1,Uncle Monthly 600,Uncle,600,600.0,12,7200.0,,unknown,line_amount_then_cadence,0,
Export,2504,202610,Undergraduate,awarded,"Patriarcal College, Beirut",0,0,1,Father Monthly 330,Father,330,330.0,12,3960.0,,unknown,line_amount_then_cadence,0,
Export,2523,202610,Undergraduate,denied,"Lycée Franco Libanais, Verdun",0,0,1,Uncle Yearly 4000,Uncle,4000,4000.0,1,4000.0,,unknown,line_amount_then_cadence,0,
Export,2523,202610,Undergraduate,denied,"Lycée Franco Libanais, Verdun",0,0,2,Aunt Yearly 3000,Aunt,3000,3000.0,1,3000.0,,unknown,line_amount_then_cadence,0,
Export,2537,202710,Undergraduate,denied,"Greater Beirut Evangelical School, Sioufi",0,0,1,Niece Annually 5000,Niece,5000,5000.0,1,5000.0,,unknown,line_amount_then_cadence,0,
Export,2541,202610,Undergraduate,awarded,"Beit Jala Secondary School, Siblin",0,0,1,Uncle (mother's side) Monthly 250,Uncle (mother's side),250,250.0,12,3000.0,,unknown,line_amount_then_cadence,0,
Export,2541,202610,Undergraduate,awarded,"Beit Jala Secondary School, Siblin",0,0,2,Uncle (father's side) Monthly 60,Uncle (father's side),60,60.0,12,720.0,,unknown,line_amount_then_cadence,0,
Export,2553,202610,Undergraduate,,"Der Yassin Coeducational Secondary School UNRWA, Tyre",1,1,1,UNRWA Evey 3 months 300$,,,,1,,usd,usd,line_amount_then_cadence,1,multiple_amount_candidates; amount_unparsed
Export,2558,202510,Graduate,awarded,,1,2,1,Father's Friend Frequently Monthly 700-800$,Father's Friend Frequently,700-800$,750.0,12,9000.0,usd,usd,line_amount_then_cadence,0,
Export,2565,202610,Undergraduate,awarded,"Greater Beirut Evangelical School, Sioufi",0,0,1,Brother Monthly $200,Brother,$200,200.0,12,2400.0,usd,usd,line_amount_then_cadence,0,
Export,2596,202610,Undergraduate,awarded,"Lycee Abdel Kader, Beirut",0,0,1,aunt yearly 10000,aunt,10000,10000.0,1,10000.0,,unknown,line_amount_then_cadence,0,
Export,2615,202610,Undergraduate,awarded,Dr. Nazih Bizri Public High School,0,0,1,Uncle Monthly 500,Uncle,500,500.0,12,6000.0,,unknown,line_amount_then_cadence,0,
Export,2619,202610,Undergraduate,denied,"Ras Beirut International School, Ghobeiry",0,0,1,My Father's Uncle monthly 200$,My Father's Uncle,200$,200.0,12,2400.0,usd,usd,line_amount_then_cadence,0,
Export,2620,202610,Undergraduate,awarded,"The National Evangelical Institute for Girls and Boys, Saida",1,2,1,"Mother's Brother (my uncle) Monthly $3,000 (this amount is distributed to more than one member; part of it goes to my aunt, another for my unemployed uncle, and another for my mother as she's divorced)",Mother's Brother (my uncle),"$3,000 (this amount is distributed to more than one member; part of it goes to my aunt, another for my unemployed uncle, and another for my mother as she's divorced)",3000.0,12,36000.0,usd,usd,line_amount_then_cadence,0,
Export,2620,202610,Undergraduate,awarded,"The National Evangelical Institute for Girls and Boys, Saida",1,2,2,Father's Brother (my uncle) Monthly €400,Father's Brother (my uncle),€400,400.0,12,4800.0,,unknown,line_amount_then_cadence,0,
Export,2629,202710,Undergraduate,denied,"Khaled Bin Al Walid, Beirut",0,0,1,My Father Monthly 300,My Father,300,300.0,12,3600.0,,unknown,line_amount_then_cadence,0,
Export,2630,202610,Undergraduate,denied,"Greenfield College, Bir Hassan",0,0,1,Grandfather Yearly 14309,Grandfather,14309,14309.0,1,14309.0,,unknown,line_amount_then_cadence,0,
Export,2641,202710,Undergraduate,awarded,"L'Athenee de Beyrouth, Bsalim",0,0,1,father monthly 600,father,600,600.0,12,7200.0,,unknown,line_amount_then_cadence,0,
Export,2644,202610,Undergraduate,awarded,"International College (IC), Beirut",0,0,1,Employment Yearly 9000,Employment,9000,9000.0,1,9000.0,,unknown,line_amount_then_cadence,0,
Export,2653,202610,Undergraduate,awarded,"Saint Mary's Orthodox College (SMOC), Beirut",0,0,1,"No relationship, it is an NGO The following amounts were provided by an ِAntami Developmental Association for my brother Karim Mekdach during the Summer and Fall semesters of 2024. However, the payments nature is not fixed, it depends on the ِAntami Developmental Association decision. 7200",,,,2,,,,line_amount_then_cadence,1,multiple_amount_candidates; amount_unparsed
Export,2656,202510,Graduate,awarded,,1,2,1,Employer Yearly Not Fixed,,Employer Yearly Not Fixed,,1,,,,line_amount_then_cadence,1,amount_unparsed
Export,2658,202610,Undergraduate,denied,"College du Musee, Badaro",0,0,1,Father Monthly changeable,,Father Monthly changeable,,12,,,,line_amount_then_cadence,1,amount_unparsed
Export,2662,202710,Undergraduate,awarded,"Ecole Saint Joseph de l'Apparition, Saida",0,0,1,grandmother Yearly 2000,grandmother,2000,2000.0,1,2000.0,,unknown,line_amount_then_cadence,0,
Export,2671,202610,Undergraduate,awarded,"Al Rahma High School / Al Mabarrat Association, Kfarjoz",0,0,1,none yearly till end of class 12 (2025) 2000,none,till end of class 12 (2025) 2000,12.0,1,12.0,,unknown,line_amount_then_cadence,0,
Export,2691,202610,Undergraduate,awarded,"Houssameddine Hariri High School, Saida",0,0,1,Aunt Monthly 700,Aunt,700,700.0,12,8400.0,,unknown,line_amount_then_cadence,0,
Export,2695,202610,Undergraduate,awarded,"L'Athenee de Beyrouth, Bsalim",0,0,1,no relationship monthly 195,no relationship,195,195.0,12,2340.0,,unknown,line_amount_then_cadence,0,
Export,2696,202510,Undergraduate,awarded,"National Protestant College, Kfarshima",1,1,1,Uncle Monthly 200,Uncle,200,200.0,12,2400.0,,unknown,line_amount_then_cadence,0,
Export,2704,202710,Undergraduate,awarded,"Armenian Evangelical Central High School (CHS), Achrafieh",0,0,1,Uncle As needed to cover the living expenses. 1,,Uncle As needed to cover the living expenses. 1,1.0,1,1.0,,unknown,line_amount_then_cadence,0,
Export,2711,202610,Undergraduate,awarded,"Al Bayader School, Zarif",0,0,1,Auncle(mothers side) yearly 7000$,Auncle(mothers side),7000$,7000.0,1,7000.0,usd,usd,line_amount_then_cadence,0,
Export,2718,202510,Graduate,awarded,,1,2,1,Father Yearly 5000 USD,Father,5000 USD,5000.0,1,5000.0,usd,usd,line_amount_then_cadence,0,
Export,2718,202510,Graduate,awarded,,1,2,2,Mother Yearly 200 USD,Mother,200 USD,200.0,1,200.0,usd,usd,line_amount_then_cadence,0,
Export,2722,202610,Undergraduate,awarded,"Beirut Evangelical School for Boys and Girls (BESBG), Antelias",0,0,1,Grandson Monthly 200,Grandson,200,200.0,12,2400.0,,unknown,line_amount_then_cadence,0,
Export,2722,202610,Undergraduate,awarded,"Beirut Evangelical School for Boys and Girls (BESBG), Antelias",0,0,2,Nephew Yearly 10000,Nephew,10000,10000.0,1,10000.0,,unknown,line_amount_then_cadence,0,
Export,2729,202610,Undergraduate,awarded,"Beirut Babptist School (BBS), Mouseitbeh",0,0,1,Aunt Monthly 400,Aunt,400,400.0,12,4800.0,,unknown,line_amount_then_cadence,0,
Export,2738,202610,Undergraduate,awarded,Rawdah High School,0,0,1,Uncle Monthly 500$,Uncle,500$,500.0,12,6000.0,usd,usd,line_amount_then_cadence,0,
Export,2744,202710,Undergraduate,awarded,"The National Evangelical Institute for Girls and Boys, Saida",0,0,1,Grandson Monthly 400,Grandson,400,400.0,12,4800.0,,unknown,line_amount_then_cadence,0,
Export,2775,202610,Undergraduate,awarded,"Saints Coeurs Ain Najm, Ain Saadeh",0,0,1,The foundation helps my sister in her college fees yearly 30% (2700$),The foundation helps my sister in her college fees,30% (2700$),30.0,1,30.0,usd,usd,line_amount_then_cadence,0,
Export,2781,202610,Undergraduate,awarded,"Ras Beirut International School, Ghobeiry",0,0,1,Uncle every 3-4 months 800,,Uncle every 3-4 months 800,3.5,1,3.5,,unknown,line_amount_then_cadence,0,
Export,2783,202610,Undergraduate,usaid,"Beirut International School, Bchamoun",0,0,1,Niece Monthly 500 $,Niece,500 $,500.0,12,6000.0,usd,usd,line_amount_then_cadence,0,
Export,2795,202510,Graduate,awarded,,1,3,1,"Father is a retired Doctor from the Lebanese University. Yearly 120,000,000 LL",Father is a retired Doctor from the Lebanese University.,"120,000,000 LL",120000000.0,1,120000000.0,lbp,lbp,line_amount_then_cadence,0,
Export,2801,202710,Undergraduate,denied,Lebanese Evangelical School for Boys and Girls,0,0,1,"Brother Monthly, yearly rent 50000",Brother,rent 50000,50000.0,12,600000.0,,unknown,line_amount_then_cadence,0,
Export,2802,202610,Undergraduate,awarded,"Deutsche Internationale Schule Beirut (DISB), Khaldah",0,0,1,Grandfather of the applicant Yearly 3000,Grandfather of the applicant,3000,3000.0,1,3000.0,,unknown,line_amount_then_cadence,0,
Export,2803,202610,Undergraduate,awarded,"International College (IC), Beirut",0,0,1,Uncle Monthly $250,Uncle,$250,250.0,12,3000.0,usd,usd,line_amount_then_cadence,0,
Export,2807,202710,Undergraduate,denied,"Saint Mary's Orthodox College (SMOC), Beirut",0,0,1,Mother Employer once 2500,,Mother Employer once 2500,2500.0,1,2500.0,,unknown,line_amount_then_cadence,0,
Export,2815,202610,Undergraduate,awarded,"Lycée français international Elite de Tyr, Abbassieh",0,0,1,Uncle Semester 3000-5000,Uncle,3000-5000,4000.0,2,8000.0,,unknown,line_amount_then_cadence,0,
Export,2815,202610,Undergraduate,awarded,"Lycée français international Elite de Tyr, Abbassieh",0,0,2,Uncle Semester 5000-7000,Uncle,5000-7000,6000.0,2,12000.0,,unknown,line_amount_then_cadence,0,
Export,2832,202520,Undergraduate,awarded,"Notre Dame de Moussaitbeh, Beirut",1,1,1,Uncle Monthly 100$-200$,Uncle,100$-200$,100.0,12,1200.0,usd,usd,line_amount_then_cadence,0,
Export,2840,202610,Undergraduate,awarded,"Official Secondary School Rashaya, Rashaya",0,0,1,Brother Monthly 400,Brother,400,400.0,12,4800.0,,unknown,line_amount_then_cadence,0,
Export,2842,202510,Graduate,awarded,,1,3,1,Employer Yearly 187,Employer,187,187.0,1,187.0,,unknown,line_amount_then_cadence,0,
Export,2844,202611,Professional,denied,,1,2,1,NA Monthly Stipend and Full tuition coverage for my undergraduate studies at AUB for the last three years until graduation in May 2025 $600 monthly stipend for every month enrolled at AUB + yearly tuition at AUB,tuition at AUB,NA Monthly Stipend and Full tuition coverage for my undergraduate studies at AUB for the last three years until graduation in May 2025 $600 monthly stipend for every month enrolled at AUB +,2025.0,12,24300.0,usd,usd,line_amount_then_cadence,0,
Export,2861,202611,Professional,awarded,,1,2,1,My brother monthly 500$,My brother,500$,500.0,12,6000.0,usd,usd,line_amount_then_cadence,0,
Export,2864,202510,Graduate,awarded,,1,2,1,Undergraduate Studies Scholarship Funder for me (the applicant) Per semester Fall 2021 till Spring 2024 2500,Undergraduate Studies Scholarship Funder for me (the applicant) Per,Fall 2021 till Spring 2024 2500,2021.0,2,4042.0,,unknown,line_amount_then_cadence,0,
Export,2869,202610,Undergraduate,denied,Ali Bin Abi Taleb School,0,0,1,Donations recepient Yearly 500$ up to 1000$ in school tuition fees donations,Donations recepient,500$ up to 1000$ in school tuition fees donations,500.0,1,500.0,usd,usd,line_amount_then_cadence,0,
Export,2872,202610,Undergraduate,denied,"Beirut Annuciation Orthodox College (BAC), Achrafieh",0,0,1,Uncle Monthly 500$,Uncle,500$,500.0,12,6000.0,usd,usd,line_amount_then_cadence,0,
Export,2885,202510,Undergraduate,awarded,"International College (IC), Beirut",0,0,1,uncle of my mother once per month 70,uncle of my mother once,70,70.0,12,840.0,,unknown,line_amount_then_cadence,0,
Export,2885,202510,Undergraduate,awarded,"International College (IC), Beirut",0,0,2,Aunt of my mother once per month 100,Aunt of my mother once,100,100.0,12,1200.0,,unknown,line_amount_then_cadence,0,
Export,2885,202510,Undergraduate,awarded,"International College (IC), Beirut",0,0,3,My aunt once per month 70,My aunt once,70,70.0,12,840.0,,unknown,line_amount_then_cadence,0,
Export,2885,202510,Undergraduate,awarded,"International College (IC), Beirut",0,0,4,Neighbor once per month 30,Neighbor once,30,30.0,12,360.0,,unknown,line_amount_then_cadence,0,
Export,2894,202610,Undergraduate,awarded,"Khaled Bin Al Walid, Beirut",0,0,1,Uncle Monthly 150,Uncle,150,150.0,12,1800.0,,unknown,line_amount_then_cadence,0,
Export,2894,202610,Undergraduate,awarded,"Khaled Bin Al Walid, Beirut",0,0,2,Uncle Monthly 150,Uncle,150,150.0,12,1800.0,,unknown,line_amount_then_cadence,0,
Export,2923,202510,Graduate,awarded,,1,2,1,Aunt Monthly 200$,Aunt,200$,200.0,12,2400.0,usd,usd,line_amount_then_cadence,0,
Export,2935,202520,Undergraduate,denied,,1,3,1,Grandfather monthly 500,Grandfather,500,500.0,12,6000.0,,unknown,line_amount_then_cadence,0,
Export,2935,202520,Undergraduate,denied,,1,3,2,Grandmother monthly 500,Grandmother,500,500.0,12,6000.0,,unknown,line_amount_then_cadence,0,
Export,2953,202610,Undergraduate,awarded,"Al Kawthar School, Bir Hassan",0,0,1,Employer yearly 100$,Employer,100$,100.0,1,100.0,usd,usd,line_amount_then_cadence,0,
Export,2960,202610,Undergraduate,awarded,"Ecole Secondaire des Filles de la Charite, Achrafieh",0,0,1,uncle yearly 500$,uncle,500$,500.0,1,500.0,usd,usd,line_amount_then_cadence,0,
Export,2969,202710,Undergraduate,awarded,"Lycee Abdel Kader, Beirut",0,0,1,brother yearly 10000,brother,10000,10000.0,1,10000.0,,unknown,line_amount_then_cadence,0,
Export,3007,202610,Undergraduate,awarded,"College Notre Dame de Jamhour, Baabda",0,0,1,"Employer Yearly 4,000",Employer,"4,000",4000.0,1,4000.0,,unknown,line_amount_then_cadence,0,
Export,3015,202610,Undergraduate,awarded,"The Canadian Lebanese Academy of Excellence, Nabatieh",0,0,1,Brother Monthly 1000,Brother,1000,1000.0,12,12000.0,,unknown,line_amount_then_cadence,0,
Export,3018,202510,Graduate,awarded,,1,2,1,Refugee Monthly 80 USD,Refugee,80 USD,80.0,12,960.0,usd,usd,line_amount_then_cadence,0,
Export,3034,202610,Undergraduate,awarded,Rawdah High School,0,0,1,Applicant's Uncle monthly 900$,Applicant's Uncle,900$,900.0,12,10800.0,usd,usd,line_amount_then_cadence,0,
Export,3036,202610,Undergraduate,awarded,"The Martyr Hasan Kassir Secondary School, Bir Hassan",0,0,1,"Nephew (Aunt) Seasonally, estimated every 3 months 200 USD","Nephew (Aunt) , estimated",200 USD,200.0,4.0,800.0,usd,usd,line_amount_then_cadence,0,
Export,3047,202610,Undergraduate,denied,Lycée Français International Elite Beyrou,0,0,1,Father Monthly 4118.58,Father,4118.58,4118.58,12,49422.96,,unknown,line_amount_then_cadence,0,
Export,3047,202610,Undergraduate,denied,Lycée Français International Elite Beyrou,0,0,2,Mother Monthly 500,Mother,500,500.0,12,6000.0,,unknown,line_amount_then_cadence,0,
Export,3054,202710,Undergraduate,awarded,"International College (IC), Beirut",0,0,1,Niece Monthly 1000,Niece,1000,1000.0,12,12000.0,,unknown,line_amount_then_cadence,0,
Export,3057,202610,Undergraduate,denied,"Iman High School, Saida",0,0,1,manger monthly 50$,manger,50$,50.0,12,600.0,usd,usd,line_amount_then_cadence,0,
Export,3067,202710,Undergraduate,awarded,"Al Mustafa High School Kasarnaba, Kasarnaba",1,2,1,son monthly 4475000,son,4475000,4475000.0,12,53700000.0,,likely_lbp_unmarked,line_amount_then_cadence,0,
Export,3070,202610,Undergraduate,awarded,"Saint Joseph School Cornet Shehwan, Cornet Chahwan",0,0,1,school Yearly 2000,school,2000,2000.0,1,2000.0,,unknown,line_amount_then_cadence,0,
Export,3076,202710,Undergraduate,awarded,"Rafic Hariri High School (RHHS), Saida",1,1,1,Uncle Once 39750,,Uncle Once 39750,39750.0,1,39750.0,,unknown,line_amount_then_cadence,0,
Export,3082,202510,Graduate,awarded,,1,2,1,student-donor Yearly 3000,student-donor,3000,3000.0,1,3000.0,,unknown,line_amount_then_cadence,0,
Export,3083,202610,Undergraduate,denied,"Deutsche Schule, Jounieh",0,0,1,uncle monthly 500 $,uncle,500 $,500.0,12,6000.0,usd,usd,line_amount_then_cadence,0,
Export,3093,202610,Undergraduate,awarded,Al Manhal Private Schools,0,0,1,Sibling Monthly 800,Sibling,800,800.0,12,9600.0,,unknown,line_amount_then_cadence,0,
Export,3093,202610,Undergraduate,awarded,Al Manhal Private Schools,0,0,2,Sibling Monthly 300,Sibling,300,300.0,12,3600.0,,unknown,line_amount_then_cadence,0,
Export,3095,202610,Undergraduate,awarded,"Hariri School III, Tareek Al Jadeeda",0,0,1,Aunt Monthly 500,Aunt,500,500.0,12,6000.0,,unknown,line_amount_then_cadence,0,
Export,3096,202510,Graduate,denied,,1,2,1,Sister Monthly 100$,Sister,100$,100.0,12,1200.0,usd,usd,line_amount_then_cadence,0,
Export,3099,202710,Undergraduate,,"College Notre Dame de Jamhour, Baabda",1,1,1,Uncle Yearly 8000,Uncle,8000,8000.0,1,8000.0,,unknown,line_amount_then_cadence,0,
Export,3099,202710,Undergraduate,,"College Notre Dame de Jamhour, Baabda",1,1,2,Grand Father Yearly 8000,Grand Father,8000,8000.0,1,8000.0,,unknown,line_amount_then_cadence,0,
Export,3110,202610,Undergraduate,awarded,"Antonine International School (AIS), Ajaltoun",0,0,1,"Cousin Every few months 1,500",Cousin,"1,500",1500.0,4,6000.0,,unknown,line_amount_then_cadence,0,
Export,3110,202610,Undergraduate,awarded,"Antonine International School (AIS), Ajaltoun",0,0,2,"my mother's cousin Once 1,000",,"my mother's cousin Once 1,000",1000.0,1,1000.0,,unknown,line_amount_then_cadence,0,
Export,3110,202610,Undergraduate,awarded,"Antonine International School (AIS), Ajaltoun",0,0,3,"Uncle yearly 5,000",Uncle,"5,000",5000.0,1,5000.0,,unknown,line_amount_then_cadence,0,
Export,3110,202610,Undergraduate,awarded,"Antonine International School (AIS), Ajaltoun",0,0,4,"my father's cousin once 4,500",,"my father's cousin once 4,500",4500.0,1,4500.0,,unknown,line_amount_then_cadence,0,
Export,3110,202610,Undergraduate,awarded,"Antonine International School (AIS), Ajaltoun",0,0,5,"my father's cousin twice 4,000",,"my father's cousin twice 4,000",4000.0,1,4000.0,,unknown,line_amount_then_cadence,0,
Export,3122,202610,Undergraduate,,"International College (IC), Beirut",1,1,1,"Fathers sister Yearly 10,000",Fathers sister,"10,000",10000.0,1,10000.0,,unknown,line_amount_then_cadence,0,
Export,3126,202710,Undergraduate,awarded,Rawdah High School,0,0,1,Brother Yearly 3000,Brother,3000,3000.0,1,3000.0,,unknown,line_amount_then_cadence,0,
Export,3126,202710,Undergraduate,awarded,Rawdah High School,0,0,2,Sister Yearly 4000,Sister,4000,4000.0,1,4000.0,,unknown,line_amount_then_cadence,0,
Export,3127,202610,Undergraduate,awarded,"Saint Joseph School Cornet Shehwan, Cornet Chahwan",0,0,1,Choueiry Monthly $1500,Choueiry,$1500,1500.0,12,18000.0,usd,usd,line_amount_then_cadence,0,
Export,3127,202610,Undergraduate,awarded,"Saint Joseph School Cornet Shehwan, Cornet Chahwan",0,0,2,Organization Monthly Donate some basic medical needs and medicine (no amount),,Organization Monthly Donate some basic medical needs and medicine (no amount),,12,,,,line_amount_then_cadence,1,amount_unparsed
Export,3127,202610,Undergraduate,awarded,"Saint Joseph School Cornet Shehwan, Cornet Chahwan",0,0,3,Organization Every 3 months Basic Food supplies/needs (mouneh),,Organization Every 3 months Basic Food supplies/needs (mouneh),3.0,4.0,12.0,,unknown,line_amount_then_cadence,0,
